image,class,config,alpha,threshold,shrink,retries,quality,bytes,bpp,encode_ms,ssim2_distortion,bbs_distortion
1025469,photo,baseline,,,,,50,12301,0.375397,7.121,41.393408,34.491895
1025469,photo,baseline,,,,,75,18661,0.569489,3.602,28.526111,21.578649
1025469,photo,baseline,,,,,90,32906,1.004211,3.164,18.774035,11.461997
1044329,photo,baseline,,,,,50,43129,1.316193,3.231,42.233921,299.762660
1044329,photo,baseline,,,,,75,65916,2.011597,4.747,31.498954,180.060243
1044329,photo,baseline,,,,,90,106270,3.243103,17.129,22.975607,109.085733
codec_wiki,screenshot,baseline,,,,,50,9181,0.280182,2.538,31.657759,38.963381
codec_wiki,screenshot,baseline,,,,,75,12033,0.367218,6.088,26.460703,31.084134
codec_wiki,screenshot,baseline,,,,,90,16726,0.510437,3.455,24.226282,26.577993
synth_grid,lineart,baseline,,,,,50,20701,1.123101,1.693,25.635536,319.856738
synth_grid,lineart,baseline,,,,,75,25735,1.396213,1.788,21.212708,171.747099
synth_grid,lineart,baseline,,,,,90,32448,1.760417,1.902,12.201487,103.348455
synth_stripes,lineart,baseline,,,,,50,60250,3.268772,3.481,26.225544,449.268274
synth_stripes,lineart,baseline,,,,,75,81167,4.403592,3.441,12.613860,67.479912
synth_stripes,lineart,baseline,,,,,90,105575,5.727810,6.030,6.663238,7.701574
1025469,photo,a0.50_t0.05_s0.50_r2,0.5000,0.0500,0.5000,2,50,12640,0.385742,2.956,40.350580,32.108669
1025469,photo,a0.50_t0.05_s0.50_r2,0.5000,0.0500,0.5000,2,75,19220,0.586548,3.013,27.951600,19.868195
1025469,photo,a0.50_t0.05_s0.50_r2,0.5000,0.0500,0.5000,2,90,33781,1.030914,3.308,18.485293,10.790552
1044329,photo,a0.50_t0.05_s0.50_r2,0.5000,0.0500,0.5000,2,50,46194,1.409729,3.678,40.719759,256.738189
1044329,photo,a0.50_t0.05_s0.50_r2,0.5000,0.0500,0.5000,2,75,69904,2.133301,4.023,30.467238,158.111743
1044329,photo,a0.50_t0.05_s0.50_r2,0.5000,0.0500,0.5000,2,90,110471,3.371307,4.941,22.327724,102.601218
codec_wiki,screenshot,a0.50_t0.05_s0.50_r2,0.5000,0.0500,0.5000,2,50,9433,0.287872,2.424,31.464187,36.847833
codec_wiki,screenshot,a0.50_t0.05_s0.50_r2,0.5000,0.0500,0.5000,2,75,12254,0.373962,2.494,26.210391,30.111716
codec_wiki,screenshot,a0.50_t0.05_s0.50_r2,0.5000,0.0500,0.5000,2,90,16864,0.514648,3.526,24.121586,26.419733
synth_grid,lineart,a0.50_t0.05_s0.50_r2,0.5000,0.0500,0.5000,2,50,21490,1.165907,1.532,27.346191,213.524511
synth_grid,lineart,a0.50_t0.05_s0.50_r2,0.5000,0.0500,0.5000,2,75,26491,1.437229,1.560,18.441822,129.834770
synth_grid,lineart,a0.50_t0.05_s0.50_r2,0.5000,0.0500,0.5000,2,90,33534,1.819336,1.639,12.129095,96.380811
synth_stripes,lineart,a0.50_t0.05_s0.50_r2,0.5000,0.0500,0.5000,2,50,69127,3.750380,3.283,15.183389,111.183371
synth_stripes,lineart,a0.50_t0.05_s0.50_r2,0.5000,0.0500,0.5000,2,75,86949,4.717285,3.707,9.142993,23.490193
synth_stripes,lineart,a0.50_t0.05_s0.50_r2,0.5000,0.0500,0.5000,2,90,105917,5.746365,3.586,6.545874,7.075577
1025469,photo,a1.00_t0.05_s0.50_r1,1.0000,0.0500,0.5000,1,50,12522,0.382141,2.559,40.620162,32.694466
1025469,photo,a1.00_t0.05_s0.50_r1,1.0000,0.0500,0.5000,1,75,18988,0.579468,2.544,28.146287,20.281696
1025469,photo,a1.00_t0.05_s0.50_r1,1.0000,0.0500,0.5000,1,90,33465,1.021271,2.878,18.584009,10.969371
1044329,photo,a1.00_t0.05_s0.50_r1,1.0000,0.0500,0.5000,1,50,45003,1.373383,3.059,41.220859,269.501920
1044329,photo,a1.00_t0.05_s0.50_r1,1.0000,0.0500,0.5000,1,75,68390,2.087097,3.506,30.810113,164.934193
1044329,photo,a1.00_t0.05_s0.50_r1,1.0000,0.0500,0.5000,1,90,109324,3.336304,4.427,22.483246,104.313653
codec_wiki,screenshot,a1.00_t0.05_s0.50_r1,1.0000,0.0500,0.5000,1,50,9338,0.284973,2.183,31.559509,37.370070
codec_wiki,screenshot,a1.00_t0.05_s0.50_r1,1.0000,0.0500,0.5000,1,75,12178,0.371643,2.301,26.292412,30.333137
codec_wiki,screenshot,a1.00_t0.05_s0.50_r1,1.0000,0.0500,0.5000,1,90,16829,0.513580,2.426,24.143112,26.442777
synth_grid,lineart,a1.00_t0.05_s0.50_r1,1.0000,0.0500,0.5000,1,50,21007,1.139703,1.401,28.418405,229.089798
synth_grid,lineart,a1.00_t0.05_s0.50_r1,1.0000,0.0500,0.5000,1,75,26491,1.437229,1.520,18.441822,129.834770
synth_grid,lineart,a1.00_t0.05_s0.50_r1,1.0000,0.0500,0.5000,1,90,33534,1.819336,1.461,12.698387,97.992924
synth_stripes,lineart,a1.00_t0.05_s0.50_r1,1.0000,0.0500,0.5000,1,50,66524,3.609158,3.044,18.707832,209.160432
synth_stripes,lineart,a1.00_t0.05_s0.50_r1,1.0000,0.0500,0.5000,1,75,85786,4.654188,3.442,9.863254,32.063580
synth_stripes,lineart,a1.00_t0.05_s0.50_r1,1.0000,0.0500,0.5000,1,90,106177,5.760471,3.654,6.329557,6.731993
1025469,photo,a1.00_t0.05_s0.50_r2,1.0000,0.0500,0.5000,2,50,12632,0.385498,2.833,40.418823,31.907479
1025469,photo,a1.00_t0.05_s0.50_r2,1.0000,0.0500,0.5000,2,75,19203,0.586029,2.892,27.971849,19.779469
1025469,photo,a1.00_t0.05_s0.50_r2,1.0000,0.0500,0.5000,2,90,33779,1.030853,3.176,18.485484,10.754587
1044329,photo,a1.00_t0.05_s0.50_r2,1.0000,0.0500,0.5000,2,50,46103,1.406952,3.542,40.771137,256.263320
1044329,photo,a1.00_t0.05_s0.50_r2,1.0000,0.0500,0.5000,2,75,69811,2.130463,3.983,30.469698,158.052401
1044329,photo,a1.00_t0.05_s0.50_r2,1.0000,0.0500,0.5000,2,90,110638,3.376404,4.945,22.310244,102.323696
codec_wiki,screenshot,a1.00_t0.05_s0.50_r2,1.0000,0.0500,0.5000,2,50,9423,0.287567,2.515,31.468492,36.870237
codec_wiki,screenshot,a1.00_t0.05_s0.50_r2,1.0000,0.0500,0.5000,2,75,12253,0.373932,2.490,26.252072,30.155113
codec_wiki,screenshot,a1.00_t0.05_s0.50_r2,1.0000,0.0500,0.5000,2,90,16877,0.515045,3.789,24.138426,26.383111
synth_grid,lineart,a1.00_t0.05_s0.50_r2,1.0000,0.0500,0.5000,2,50,21490,1.165907,2.161,27.346191,213.524511
synth_grid,lineart,a1.00_t0.05_s0.50_r2,1.0000,0.0500,0.5000,2,75,26491,1.437229,2.061,18.441822,129.834770
synth_grid,lineart,a1.00_t0.05_s0.50_r2,1.0000,0.0500,0.5000,2,90,33534,1.819336,2.034,12.129095,96.380811
synth_stripes,lineart,a1.00_t0.05_s0.50_r2,1.0000,0.0500,0.5000,2,50,69031,3.745171,3.307,15.418597,113.653866
synth_stripes,lineart,a1.00_t0.05_s0.50_r2,1.0000,0.0500,0.5000,2,75,87005,4.720323,3.700,8.996067,22.865968
synth_stripes,lineart,a1.00_t0.05_s0.50_r2,1.0000,0.0500,0.5000,2,90,106333,5.768934,3.567,6.479169,6.550615
1025469,photo,a1.00_t0.10_s0.50_r1,1.0000,0.1000,0.5000,1,50,12516,0.381958,3.915,40.616774,32.708535
1025469,photo,a1.00_t0.10_s0.50_r1,1.0000,0.1000,0.5000,1,75,18986,0.579407,3.846,28.158731,20.288934
1025469,photo,a1.00_t0.10_s0.50_r1,1.0000,0.1000,0.5000,1,90,33444,1.020630,5.132,18.576395,10.992028
1044329,photo,a1.00_t0.10_s0.50_r1,1.0000,0.1000,0.5000,1,50,45003,1.373383,4.810,41.220628,269.493445
1044329,photo,a1.00_t0.10_s0.50_r1,1.0000,0.1000,0.5000,1,75,68369,2.086456,5.390,30.812662,164.964316
1044329,photo,a1.00_t0.10_s0.50_r1,1.0000,0.1000,0.5000,1,90,108870,3.322449,6.525,22.552452,104.984700
codec_wiki,screenshot,a1.00_t0.10_s0.50_r1,1.0000,0.1000,0.5000,1,50,9333,0.284821,3.615,31.554439,37.379317
codec_wiki,screenshot,a1.00_t0.10_s0.50_r1,1.0000,0.1000,0.5000,1,75,12169,0.371368,3.734,26.335816,30.383340
codec_wiki,screenshot,a1.00_t0.10_s0.50_r1,1.0000,0.1000,0.5000,1,90,16790,0.512390,3.892,24.176278,26.492077
synth_grid,lineart,a1.00_t0.10_s0.50_r1,1.0000,0.1000,0.5000,1,50,21007,1.139703,1.501,28.418405,229.089798
synth_grid,lineart,a1.00_t0.10_s0.50_r1,1.0000,0.1000,0.5000,1,75,26491,1.437229,2.073,18.441822,129.834770
synth_grid,lineart,a1.00_t0.10_s0.50_r1,1.0000,0.1000,0.5000,1,90,32448,1.760417,2.190,12.201487,103.348455
synth_stripes,lineart,a1.00_t0.10_s0.50_r1,1.0000,0.1000,0.5000,1,50,66524,3.609158,4.433,18.707832,209.160432
synth_stripes,lineart,a1.00_t0.10_s0.50_r1,1.0000,0.1000,0.5000,1,75,85450,4.635959,3.595,10.157549,34.737754
synth_stripes,lineart,a1.00_t0.10_s0.50_r1,1.0000,0.1000,0.5000,1,90,105639,5.731283,3.631,6.593006,7.497036
1025469,photo,a1.00_t0.10_s0.50_r2,1.0000,0.1000,0.5000,2,50,12637,0.385651,2.913,40.421171,31.930183
1025469,photo,a1.00_t0.10_s0.50_r2,1.0000,0.1000,0.5000,2,75,19201,0.585968,2.985,27.981576,19.797151
1025469,photo,a1.00_t0.10_s0.50_r2,1.0000,0.1000,0.5000,2,90,33741,1.029694,3.322,18.493712,10.793795
1044329,photo,a1.00_t0.10_s0.50_r2,1.0000,0.1000,0.5000,2,50,46106,1.407043,3.634,40.771387,256.265545
1044329,photo,a1.00_t0.10_s0.50_r2,1.0000,0.1000,0.5000,2,75,69824,2.130859,4.156,30.474109,158.109037
1044329,photo,a1.00_t0.10_s0.50_r2,1.0000,0.1000,0.5000,2,90,109986,3.356506,4.887,22.416151,103.394986
codec_wiki,screenshot,a1.00_t0.10_s0.50_r2,1.0000,0.1000,0.5000,2,50,9418,0.287415,2.382,31.487668,36.928266
codec_wiki,screenshot,a1.00_t0.10_s0.50_r2,1.0000,0.1000,0.5000,2,75,12229,0.373199,3.549,26.255024,30.199260
codec_wiki,screenshot,a1.00_t0.10_s0.50_r2,1.0000,0.1000,0.5000,2,90,16835,0.513763,3.202,24.164702,26.455883
synth_grid,lineart,a1.00_t0.10_s0.50_r2,1.0000,0.1000,0.5000,2,50,21490,1.165907,1.564,27.346191,213.524511
synth_grid,lineart,a1.00_t0.10_s0.50_r2,1.0000,0.1000,0.5000,2,75,26491,1.437229,1.536,18.441822,129.834770
synth_grid,lineart,a1.00_t0.10_s0.50_r2,1.0000,0.1000,0.5000,2,90,32448,1.760417,1.546,12.201487,103.348455
synth_stripes,lineart,a1.00_t0.10_s0.50_r2,1.0000,0.1000,0.5000,2,50,69031,3.745171,3.366,15.418597,113.653866
synth_stripes,lineart,a1.00_t0.10_s0.50_r2,1.0000,0.1000,0.5000,2,75,86341,4.684299,3.691,9.833480,26.947916
synth_stripes,lineart,a1.00_t0.10_s0.50_r2,1.0000,0.1000,0.5000,2,90,105678,5.733398,3.549,6.633488,7.425726
1025469,photo,a2.00_t0.10_s0.50_r1,2.0000,0.1000,0.5000,1,50,12511,0.381805,2.639,40.619322,32.620073
1025469,photo,a2.00_t0.10_s0.50_r1,2.0000,0.1000,0.5000,1,75,18985,0.579376,2.615,28.153222,20.269828
1025469,photo,a2.00_t0.10_s0.50_r1,2.0000,0.1000,0.5000,1,90,33455,1.020966,2.918,18.574944,10.968072
1044329,photo,a2.00_t0.10_s0.50_r1,2.0000,0.1000,0.5000,1,50,44941,1.371490,3.124,41.255548,269.990946
1044329,photo,a2.00_t0.10_s0.50_r1,2.0000,0.1000,0.5000,1,75,68334,2.085388,3.502,30.797112,164.969178
1044329,photo,a2.00_t0.10_s0.50_r1,2.0000,0.1000,0.5000,1,90,109161,3.331329,4.504,22.525879,104.504883
codec_wiki,screenshot,a2.00_t0.10_s0.50_r1,2.0000,0.1000,0.5000,1,50,9331,0.284760,2.237,31.585067,37.447844
codec_wiki,screenshot,a2.00_t0.10_s0.50_r1,2.0000,0.1000,0.5000,1,75,12166,0.371277,2.281,26.285336,30.333650
codec_wiki,screenshot,a2.00_t0.10_s0.50_r1,2.0000,0.1000,0.5000,1,90,16797,0.512604,2.437,24.165091,26.473656
synth_grid,lineart,a2.00_t0.10_s0.50_r1,2.0000,0.1000,0.5000,1,50,21007,1.139703,1.432,28.418405,229.089798
synth_grid,lineart,a2.00_t0.10_s0.50_r1,2.0000,0.1000,0.5000,1,75,26491,1.437229,1.398,18.441822,129.834770
synth_grid,lineart,a2.00_t0.10_s0.50_r1,2.0000,0.1000,0.5000,1,90,33534,1.819336,1.473,12.698387,97.992924
synth_stripes,lineart,a2.00_t0.10_s0.50_r1,2.0000,0.1000,0.5000,1,50,66427,3.603895,3.019,18.911990,211.174948
synth_stripes,lineart,a2.00_t0.10_s0.50_r1,2.0000,0.1000,0.5000,1,75,85687,4.648817,3.510,9.863241,32.342502
synth_stripes,lineart,a2.00_t0.10_s0.50_r1,2.0000,0.1000,0.5000,1,90,105906,5.745768,3.500,6.490055,7.100926
