ref	source_q	target_q	variant	output_len	size_ratio	zensim_a	tier_veryflat	tier_flat	tier_middetail	tier_detailed
1001682	90	70	noaq	41306	0.6357	68.769	2578	1142	337	39
1001682	90	70	aq	38634	0.5946	67.569	2578	1142	337	39
1001682	90	60	noaq	39500	0.6079	58.621	2578	1142	337	39
1001682	90	60	aq	36845	0.5671	57.471	2578	1142	337	39
1001682	90	50	noaq	28931	0.4453	58.758	2578	1142	337	39
1001682	90	50	aq	27747	0.4270	58.515	2578	1142	337	39
1001682	75	70	noaq	40719	1.0803	65.145	3283	660	143	10
1001682	75	70	aq	37532	0.9958	64.184	3283	660	143	10
1001682	75	60	noaq	36157	0.9593	64.044	3283	660	143	10
1001682	75	60	aq	33346	0.8847	64.072	3283	660	143	10
1001682	75	50	noaq	35539	0.9429	56.603	3283	660	143	10
1001682	75	50	aq	32727	0.8683	55.176	3283	660	143	10
1001682	60	70	noaq	30838	1.1397	63.774	3776	280	37	3
1001682	60	70	aq	29164	1.0778	63.735	3776	280	37	3
1001682	60	60	noaq	30838	1.1397	63.774	3776	280	37	3
1001682	60	60	aq	29164	1.0778	63.735	3776	280	37	3
1001682	60	50	noaq	29795	1.1012	57.522	3776	280	37	3
1001682	60	50	aq	28182	1.0415	56.463	3776	280	37	3
1025469	90	70	noaq	19921	0.6054	66.653	3197	621	260	18
1025469	90	70	aq	19377	0.5889	67.270	3197	621	260	18
1025469	90	60	noaq	19095	0.5803	63.520	3197	621	260	18
1025469	90	60	aq	18559	0.5640	62.386	3197	621	260	18
1025469	90	50	noaq	14329	0.4355	58.236	3197	621	260	18
1025469	90	50	aq	14127	0.4293	57.688	3197	621	260	18
1025469	75	70	noaq	21152	1.1335	67.241	3798	241	52	5
1025469	75	70	aq	20450	1.0959	68.106	3798	241	52	5
1025469	75	60	noaq	19239	1.0310	64.024	3798	241	52	5
1025469	75	60	aq	18604	0.9969	64.074	3798	241	52	5
1025469	75	50	noaq	18952	1.0156	58.825	3798	241	52	5
1025469	75	50	aq	18325	0.9820	58.090	3798	241	52	5
1025469	60	70	noaq	16857	1.1990	63.925	3970	108	18	0
1025469	60	70	aq	16402	1.1667	63.863	3970	108	18	0
1025469	60	60	noaq	16857	1.1990	63.925	3970	108	18	0
1025469	60	60	aq	16402	1.1667	63.863	3970	108	18	0
1025469	60	50	noaq	16338	1.1621	59.502	3970	108	18	0
1025469	60	50	aq	15903	1.1312	58.326	3970	108	18	0
1028637	90	70	noaq	31659	0.6530	69.295	3298	570	215	13
1028637	90	70	aq	29227	0.6028	64.537	3298	570	215	13
1028637	90	60	noaq	30131	0.6215	64.010	3298	570	215	13
1028637	90	60	aq	27750	0.5724	63.996	3298	570	215	13
1028637	90	50	noaq	22767	0.4696	61.386	3298	570	215	13
1028637	90	50	aq	21808	0.4498	59.451	3298	570	215	13
1028637	75	70	noaq	31109	1.0426	64.626	3777	277	40	2
1028637	75	70	aq	28726	0.9627	64.048	3777	277	40	2
1028637	75	60	noaq	27975	0.9375	63.945	3777	277	40	2
1028637	75	60	aq	25897	0.8679	63.445	3777	277	40	2
1028637	75	50	noaq	27423	0.9190	59.436	3777	277	40	2
1028637	75	50	aq	25350	0.8496	57.704	3777	277	40	2
1028637	60	70	noaq	24142	1.0838	63.804	3991	97	8	0
1028637	60	70	aq	23024	1.0336	61.783	3991	97	8	0
1028637	60	60	noaq	24142	1.0838	63.804	3991	97	8	0
1028637	60	60	aq	23024	1.0336	61.783	3991	97	8	0
1028637	60	50	noaq	23262	1.0443	59.743	3991	97	8	0
1028637	60	50	aq	22125	0.9933	58.128	3991	97	8	0
1029604	90	70	noaq	42307	0.6031	75.391	3666	384	44	2
1029604	90	70	aq	39993	0.5701	74.950	3666	384	44	2
1029604	90	60	noaq	40334	0.5750	65.305	3666	384	44	2
1029604	90	60	aq	38015	0.5419	64.853	3666	384	44	2
1029604	90	50	noaq	28657	0.4085	63.952	3666	384	44	2
1029604	90	50	aq	27884	0.3975	64.016	3666	384	44	2
1029604	75	70	noaq	42118	1.0433	73.897	4011	82	3	0
1029604	75	70	aq	40365	0.9999	72.642	4011	82	3	0
1029604	75	60	noaq	37983	0.9409	70.695	4011	82	3	0
1029604	75	60	aq	36391	0.9014	70.728	4011	82	3	0
1029604	75	50	noaq	37145	0.9201	64.047	4011	82	3	0
1029604	75	50	aq	35522	0.8799	64.025	4011	82	3	0
1029604	60	70	noaq	32460	1.0658	67.348	4083	13	0	0
1029604	60	70	aq	31908	1.0477	66.633	4083	13	0	0
1029604	60	60	noaq	32460	1.0658	67.348	4083	13	0	0
1029604	60	60	aq	31908	1.0477	66.633	4083	13	0	0
1029604	60	50	noaq	31167	1.0234	64.117	4083	13	0	0
1029604	60	50	aq	30595	1.0046	64.090	4083	13	0	0
1044329	90	70	noaq	70157	0.6602	63.829	2640	1087	309	60
1044329	90	70	aq	62598	0.5890	61.133	2640	1087	309	60
1044329	90	60	noaq	66335	0.6242	57.000	2640	1087	309	60
1044329	90	60	aq	58992	0.5551	54.671	2640	1087	309	60
1044329	90	50	noaq	49794	0.4686	47.712	2640	1087	309	60
1044329	90	50	aq	45895	0.4319	48.081	2640	1087	309	60
1044329	75	70	noaq	69220	1.0501	62.892	3420	555	110	11
1044329	75	70	aq	61587	0.9343	56.488	3420	555	110	11
1044329	75	60	noaq	61183	0.9282	57.478	3420	555	110	11
1044329	75	60	aq	54718	0.8301	53.840	3420	555	110	11
1044329	75	50	noaq	59710	0.9058	53.449	3420	555	110	11
1044329	75	50	aq	53232	0.8076	51.645	3420	555	110	11
1044329	60	70	noaq	53924	1.0888	53.653	3780	271	43	2
1044329	60	70	aq	49623	1.0020	52.305	3780	271	43	2
1044329	60	60	noaq	53924	1.0888	53.653	3780	271	43	2
1044329	60	60	aq	49623	1.0020	52.305	3780	271	43	2
1044329	60	50	noaq	51688	1.0437	50.898	3780	271	43	2
1044329	60	50	aq	47454	0.9582	49.047	3780	271	43	2
106399	90	70	noaq	34245	0.6658	69.856	3222	431	228	215
106399	90	70	aq	31766	0.6176	64.606	3222	431	228	215
106399	90	60	noaq	32464	0.6311	63.827	3222	431	228	215
106399	90	60	aq	30105	0.5853	60.021	3222	431	228	215
106399	90	50	noaq	24829	0.4827	59.562	3222	431	228	215
106399	90	50	aq	23514	0.4571	56.557	3222	431	228	215
106399	75	70	noaq	35057	1.1003	67.451	3622	204	153	117
106399	75	70	aq	32665	1.0252	64.134	3622	204	153	117
106399	75	60	noaq	31415	0.9860	64.446	3622	204	153	117
106399	75	60	aq	29358	0.9214	63.926	3622	204	153	117
106399	75	50	noaq	30743	0.9649	59.094	3622	204	153	117
106399	75	50	aq	28620	0.8983	56.683	3622	204	153	117
106399	60	70	noaq	28049	1.1448	63.860	3852	75	91	78
106399	60	70	aq	26676	1.0888	63.537	3852	75	91	78
106399	60	60	noaq	28049	1.1448	63.860	3852	75	91	78
106399	60	60	aq	26676	1.0888	63.537	3852	75	91	78
106399	60	50	noaq	27009	1.1024	58.260	3852	75	91	78
106399	60	50	aq	25644	1.0467	55.776	3852	75	91	78
1080721	90	70	noaq	27357	0.6155	76.962	3803	246	41	6
1080721	90	70	aq	25920	0.5831	76.822	3803	246	41	6
1080721	90	60	noaq	25985	0.5846	69.132	3803	246	41	6
1080721	90	60	aq	24573	0.5528	68.478	3803	246	41	6
1080721	90	50	noaq	19902	0.4477	64.533	3803	246	41	6
1080721	90	50	aq	19362	0.4356	66.061	3803	246	41	6
1080721	75	70	noaq	28686	1.0319	75.573	4017	70	7	2
1080721	75	70	aq	27336	0.9833	74.760	4017	70	7	2
1080721	75	60	noaq	25989	0.9349	72.290	4017	70	7	2
1080721	75	60	aq	24729	0.8895	73.076	4017	70	7	2
1080721	75	50	noaq	25444	0.9153	64.426	4017	70	7	2
1080721	75	50	aq	24192	0.8702	64.147	4017	70	7	2
1080721	60	70	noaq	23219	1.0640	73.251	4075	17	4	0
1080721	60	70	aq	22663	1.0385	72.367	4075	17	4	0
1080721	60	60	noaq	23219	1.0640	73.251	4075	17	4	0
1080721	60	60	aq	22663	1.0385	72.367	4075	17	4	0
1080721	60	50	noaq	22329	1.0232	65.206	4075	17	4	0
1080721	60	50	aq	21791	0.9985	66.731	4075	17	4	0
1082342	90	70	noaq	41260	0.6312	71.730	3993	98	5	0
1082342	90	70	aq	39751	0.6081	70.784	3993	98	5	0
1082342	90	60	noaq	39034	0.5972	69.800	3993	98	5	0
1082342	90	60	aq	37572	0.5748	68.919	3993	98	5	0
1082342	90	50	noaq	29376	0.4494	63.922	3993	98	5	0
1082342	90	50	aq	28746	0.4398	63.902	3993	98	5	0
1082342	75	70	noaq	42342	1.0304	71.098	4051	43	2	0
1082342	75	70	aq	41257	1.0040	70.161	4051	43	2	0
1082342	75	60	noaq	37979	0.9242	67.816	4051	43	2	0
1082342	75	60	aq	37032	0.9012	66.430	4051	43	2	0
1082342	75	50	noaq	37040	0.9014	65.794	4051	43	2	0
1082342	75	50	aq	36115	0.8789	65.102	4051	43	2	0
1082342	60	70	noaq	34245	1.0600	65.011	4083	12	1	0
1082342	60	70	aq	33730	1.0440	64.379	4083	12	1	0
1082342	60	60	noaq	34245	1.0600	65.011	4083	12	1	0
1082342	60	60	aq	33730	1.0440	64.379	4083	12	1	0
1082342	60	50	noaq	32850	1.0168	63.947	4083	12	1	0
1082342	60	50	aq	32364	1.0017	63.931	4083	12	1	0
1089930	90	70	noaq	26615	0.5909	75.476	3844	195	46	11
1089930	90	70	aq	26004	0.5774	74.950	3844	195	46	11
1089930	90	60	noaq	25310	0.5619	67.674	3844	195	46	11
1089930	90	60	aq	24690	0.5482	67.281	3844	195	46	11
1089930	90	50	noaq	18788	0.4171	64.135	3844	195	46	11
1089930	90	50	aq	18595	0.4129	64.125	3844	195	46	11
1089930	75	70	noaq	28019	1.0337	75.386	4056	29	10	1
1089930	75	70	aq	27486	1.0140	74.780	4056	29	10	1
1089930	75	60	noaq	25457	0.9392	74.273	4056	29	10	1
1089930	75	60	aq	24989	0.9219	73.086	4056	29	10	1
1089930	75	50	noaq	24855	0.9170	64.172	4056	29	10	1
1089930	75	50	aq	24384	0.8996	64.147	4056	29	10	1
1089930	60	70	noaq	22640	1.0579	70.218	4085	7	3	1
1089930	60	70	aq	22485	1.0507	70.021	4085	7	3	1
1089930	60	60	noaq	22640	1.0579	70.218	4085	7	3	1
1089930	60	60	aq	22485	1.0507	70.021	4085	7	3	1
1089930	60	50	noaq	21756	1.0166	65.718	4085	7	3	1
1089930	60	50	aq	21579	1.0084	65.421	4085	7	3	1
110472	90	70	noaq	29138	0.5979	71.828	3860	192	41	3
110472	90	70	aq	28540	0.5857	70.356	3860	192	41	3
110472	90	60	noaq	27701	0.5684	64.088	3860	192	41	3
110472	90	60	aq	27060	0.5553	64.048	3860	192	41	3
110472	90	50	noaq	20722	0.4252	62.421	3860	192	41	3
110472	90	50	aq	20524	0.4212	61.085	3860	192	41	3
110472	75	70	noaq	30825	1.0279	71.004	4023	65	8	0
110472	75	70	aq	30227	1.0080	69.597	4023	65	8	0
110472	75	60	noaq	27892	0.9301	64.966	4023	65	8	0
110472	75	60	aq	27305	0.9105	66.617	4023	65	8	0
110472	75	50	noaq	27276	0.9096	63.865	4023	65	8	0
110472	75	50	aq	26716	0.8909	63.824	4023	65	8	0
110472	60	70	noaq	24839	1.0513	64.086	4083	12	1	0
110472	60	70	aq	24602	1.0412	64.058	4083	12	1	0
110472	60	60	noaq	24839	1.0513	64.086	4083	12	1	0
110472	60	60	aq	24602	1.0412	64.058	4083	12	1	0
110472	60	50	noaq	23889	1.0110	64.039	4083	12	1	0
110472	60	50	aq	23673	1.0019	63.949	4083	12	1	0
