target_zensim_a	n	dominant_strategy	zjr_jpeg_bytes	our_jxl_bytes	jxl_over_jpeg	jxl_over_orig_src	roundtrip
95	40	NoOp	9325369	7762418	0.8324	0.8324	40/40
90	40	NoOp	9325369	7762418	0.8324	0.8324	40/40
85	40	NoOp	9325369	7762418	0.8324	0.8324	40/40
80	40	NoOp	9325369	7762418	0.8324	0.8324	40/40
70	40	LosslessOnly27/Tuned9/Preserve4	8872681	7591496	0.8556	0.8141	33/40
60	40	LosslessOnly19/Preserve12/Tuned9	8269323	6714275	0.8119	0.7200	36/40
50	40	Preserve18/LosslessOnly13/Tuned9	7957052	6251316	0.7856	0.6704	37/40
40	40	Preserve30/Tuned9/LosslessOnly1	5834393	4068555	0.6973	0.4363	40/40
30	40	Preserve31/Tuned9	5480880	3679943	0.6714	0.3946	40/40
