class_bucket,q_range,config,alpha,threshold,aq_shrink,zb_shrink,retries,n_images,bd_bbs,bd_ssim2,bytes_ratio,encode_ms_ratio,bbs_ratio,ssim2_dist_ratio,composite_score
bilevel,low,a2.0_t0.10_aq0.5_zb1.0_r1,2.0000,0.1000,0.5000,1.0000,1,5,-4.7290,0.5442,1.0289,1.5134,0.9044,0.9838,2.0082
bilevel,low,a2.0_t0.02_aq0.5_zb1.0_r1,2.0000,0.0200,0.5000,1.0000,1,5,-4.7282,0.5447,1.0290,1.4888,0.9044,0.9838,2.0049
bilevel,low,a1.0_t0.10_aq0.5_zb1.0_r1,1.0000,0.1000,0.5000,1.0000,1,5,-4.4060,0.5238,1.0301,1.4737,0.9055,0.9830,1.7870
bilevel,low,a1.0_t0.02_aq0.5_zb1.0_r1,1.0000,0.0200,0.5000,1.0000,1,5,-4.4048,0.5252,1.0302,1.4747,0.9055,0.9830,1.7790
bilevel,low,a1.0_t0.10_aq0.5_zb1.0_r2,1.0000,0.1000,0.5000,1.0000,2,5,-6.4159,1.0995,1.0478,1.7807,0.8629,0.9754,0.9182
bilevel,low,a1.0_t0.02_aq0.5_zb1.0_r2,1.0000,0.0200,0.5000,1.0000,2,5,-6.4154,1.1008,1.0478,1.6281,0.8629,0.9754,0.9114
bilevel,low,a2.0_t0.10_aq0.5_zb1.0_r2,2.0000,0.1000,0.5000,1.0000,2,5,-6.7834,1.1798,1.0459,1.6319,0.8613,0.9766,0.8842
bilevel,low,a2.0_t0.02_aq0.5_zb1.0_r2,2.0000,0.0200,0.5000,1.0000,2,5,-6.7762,1.1900,1.0460,1.7194,0.8613,0.9766,0.8263
bilevel,low,a2.0_t0.10_aq1.0_zb0.5_r1,2.0000,0.1000,1.0000,0.5000,1,5,-5.5386,5.2829,1.0847,1.4624,0.8299,0.9720,-20.8758
bilevel,low,a2.0_t0.10_aq1.0_zb0.5_r2,2.0000,0.1000,1.0000,0.5000,2,5,-5.5386,5.2829,1.0847,1.7480,0.8299,0.9720,-20.8758
bilevel,low,a2.0_t0.02_aq1.0_zb0.5_r1,2.0000,0.0200,1.0000,0.5000,1,5,-5.5799,5.3069,1.0847,1.5010,0.8298,0.9720,-20.9548
bilevel,low,a2.0_t0.02_aq1.0_zb0.5_r2,2.0000,0.0200,1.0000,0.5000,2,5,-5.5799,5.3069,1.0847,1.7553,0.8298,0.9720,-20.9548
bilevel,low,a2.0_t0.10_aq0.5_zb0.5_r1,2.0000,0.1000,0.5000,0.5000,1,5,-5.3307,5.3434,1.0879,1.4525,0.8293,0.9704,-21.3863
bilevel,low,a2.0_t0.02_aq0.5_zb0.5_r2,2.0000,0.0200,0.5000,0.5000,2,5,-5.3796,5.3575,1.0879,1.6762,0.8291,0.9704,-21.4081
bilevel,low,a2.0_t0.02_aq0.5_zb0.3_r1,2.0000,0.0200,0.5000,0.3000,1,5,-5.3797,5.3576,1.0879,1.4961,0.8291,0.9704,-21.4083
bilevel,low,a2.0_t0.02_aq0.5_zb0.3_r2,2.0000,0.0200,0.5000,0.3000,2,5,-5.3797,5.3576,1.0879,1.7299,0.8291,0.9704,-21.4083
bilevel,low,a2.0_t0.02_aq1.0_zb0.3_r1,2.0000,0.0200,1.0000,0.3000,1,5,-5.3797,5.3576,1.0879,1.4951,0.8291,0.9704,-21.4083
bilevel,low,a2.0_t0.02_aq1.0_zb0.3_r2,2.0000,0.0200,1.0000,0.3000,2,5,-5.3797,5.3576,1.0879,1.6467,0.8291,0.9704,-21.4083
bilevel,low,a2.0_t0.10_aq0.5_zb0.5_r2,2.0000,0.1000,0.5000,0.5000,2,5,-5.3283,5.3534,1.0879,1.6537,0.8293,0.9704,-21.4387
bilevel,low,a2.0_t0.10_aq0.5_zb0.3_r1,2.0000,0.1000,0.5000,0.3000,1,5,-5.3284,5.3535,1.0879,1.4999,0.8293,0.9704,-21.4390
bilevel,low,a2.0_t0.10_aq0.5_zb0.3_r2,2.0000,0.1000,0.5000,0.3000,2,5,-5.3284,5.3535,1.0879,1.6545,0.8293,0.9704,-21.4390
bilevel,low,a2.0_t0.10_aq1.0_zb0.3_r1,2.0000,0.1000,1.0000,0.3000,1,5,-5.3284,5.3535,1.0879,1.4798,0.8293,0.9704,-21.4390
bilevel,low,a2.0_t0.10_aq1.0_zb0.3_r2,2.0000,0.1000,1.0000,0.3000,2,5,-5.3284,5.3535,1.0879,1.7659,0.8293,0.9704,-21.4390
bilevel,low,a2.0_t0.02_aq0.5_zb0.5_r1,2.0000,0.0200,0.5000,0.5000,1,5,-5.3680,5.3628,1.0879,1.5132,0.8292,0.9704,-21.4460
bilevel,low,a1.0_t0.10_aq1.0_zb0.5_r1,1.0000,0.1000,1.0000,0.5000,1,5,-4.6240,5.2784,1.0885,1.5019,0.8330,0.9700,-21.7678
bilevel,low,a1.0_t0.10_aq1.0_zb0.5_r2,1.0000,0.1000,1.0000,0.5000,2,5,-4.6240,5.2784,1.0885,1.8114,0.8330,0.9700,-21.7678
bilevel,low,a1.0_t0.02_aq1.0_zb0.5_r1,1.0000,0.0200,1.0000,0.5000,1,5,-4.6713,5.2903,1.0884,1.4753,0.8329,0.9700,-21.7801
bilevel,low,a1.0_t0.02_aq1.0_zb0.5_r2,1.0000,0.0200,1.0000,0.5000,2,5,-4.6713,5.2903,1.0884,1.6717,0.8329,0.9700,-21.7801
bilevel,low,a1.0_t0.10_aq0.5_zb0.5_r2,1.0000,0.1000,0.5000,0.5000,2,5,-4.4309,5.3947,1.0916,1.6556,0.8322,0.9685,-22.5425
bilevel,low,a1.0_t0.10_aq0.5_zb0.3_r1,1.0000,0.1000,0.5000,0.3000,1,5,-4.4308,5.3949,1.0915,1.4678,0.8322,0.9685,-22.5435
bilevel,low,a1.0_t0.10_aq0.5_zb0.3_r2,1.0000,0.1000,0.5000,0.3000,2,5,-4.4308,5.3949,1.0915,1.6808,0.8322,0.9685,-22.5435
bilevel,low,a1.0_t0.10_aq1.0_zb0.3_r1,1.0000,0.1000,1.0000,0.3000,1,5,-4.4308,5.3949,1.0915,1.4927,0.8322,0.9685,-22.5435
bilevel,low,a1.0_t0.10_aq1.0_zb0.3_r2,1.0000,0.1000,1.0000,0.3000,2,5,-4.4308,5.3949,1.0915,1.7888,0.8322,0.9685,-22.5435
bilevel,low,a1.0_t0.10_aq0.5_zb0.5_r1,1.0000,0.1000,0.5000,0.5000,1,5,-4.4288,5.3946,1.0916,1.5039,0.8322,0.9685,-22.5442
bilevel,low,a1.0_t0.02_aq0.5_zb0.5_r2,1.0000,0.0200,0.5000,0.5000,2,5,-4.4776,5.4060,1.0915,1.7065,0.8321,0.9686,-22.5525
bilevel,low,a1.0_t0.02_aq0.5_zb0.3_r1,1.0000,0.0200,0.5000,0.3000,1,5,-4.4775,5.4062,1.0915,1.5854,0.8321,0.9686,-22.5535
bilevel,low,a1.0_t0.02_aq0.5_zb0.3_r2,1.0000,0.0200,0.5000,0.3000,2,5,-4.4775,5.4062,1.0915,1.6588,0.8321,0.9686,-22.5535
bilevel,low,a1.0_t0.02_aq1.0_zb0.3_r1,1.0000,0.0200,1.0000,0.3000,1,5,-4.4775,5.4062,1.0915,1.4864,0.8321,0.9686,-22.5535
bilevel,low,a1.0_t0.02_aq1.0_zb0.3_r2,1.0000,0.0200,1.0000,0.3000,2,5,-4.4775,5.4062,1.0915,1.6788,0.8321,0.9686,-22.5535
bilevel,low,a1.0_t0.02_aq0.5_zb0.5_r1,1.0000,0.0200,0.5000,0.5000,1,5,-4.4755,5.4065,1.0916,1.5126,0.8321,0.9686,-22.5572
bilevel,mid,a2.0_t0.10_aq0.5_zb1.0_r2,2.0000,0.1000,0.5000,1.0000,2,5,-5.3579,-0.8156,1.0409,1.5938,0.8446,0.9680,5.3579
bilevel,mid,a2.0_t0.02_aq0.5_zb1.0_r2,2.0000,0.0200,0.5000,1.0000,2,5,-5.3502,-0.8049,1.0410,1.6250,0.8445,0.9680,5.3502
bilevel,mid,a1.0_t0.10_aq0.5_zb1.0_r2,1.0000,0.1000,0.5000,1.0000,2,5,-5.2361,-0.8448,1.0418,1.6586,0.8454,0.9673,5.2361
bilevel,mid,a1.0_t0.02_aq0.5_zb1.0_r2,1.0000,0.0200,0.5000,1.0000,2,5,-5.2299,-0.8331,1.0419,1.6032,0.8453,0.9672,5.2299
bilevel,mid,a2.0_t0.10_aq0.5_zb1.0_r1,2.0000,0.1000,0.5000,1.0000,1,5,-3.7896,-0.8052,1.0269,1.4550,0.8916,0.9774,3.7896
bilevel,mid,a2.0_t0.02_aq0.5_zb1.0_r1,2.0000,0.0200,0.5000,1.0000,1,5,-3.7853,-0.8032,1.0269,1.4636,0.8916,0.9774,3.7853
bilevel,mid,a1.0_t0.10_aq0.5_zb1.0_r1,1.0000,0.1000,0.5000,1.0000,1,5,-3.6377,-0.8475,1.0275,1.4408,0.8928,0.9769,3.6377
bilevel,mid,a1.0_t0.02_aq0.5_zb1.0_r1,1.0000,0.0200,0.5000,1.0000,1,5,-3.6292,-0.8365,1.0276,1.4219,0.8928,0.9769,3.6292
bilevel,mid,a1.0_t0.10_aq1.0_zb0.5_r1,1.0000,0.1000,1.0000,0.5000,1,5,-4.8301,1.7363,1.0752,1.4380,0.7925,0.9596,-3.8513
bilevel,mid,a1.0_t0.10_aq1.0_zb0.5_r2,1.0000,0.1000,1.0000,0.5000,2,5,-4.8301,1.7363,1.0752,1.6615,0.7925,0.9596,-3.8513
bilevel,mid,a1.0_t0.02_aq1.0_zb0.5_r1,1.0000,0.0200,1.0000,0.5000,1,5,-4.8271,1.7537,1.0753,1.4271,0.7925,0.9596,-3.9414
bilevel,mid,a1.0_t0.02_aq1.0_zb0.5_r2,1.0000,0.0200,1.0000,0.5000,2,5,-4.8271,1.7537,1.0753,1.6319,0.7925,0.9596,-3.9414
bilevel,mid,a2.0_t0.10_aq1.0_zb0.5_r1,2.0000,0.1000,1.0000,0.5000,1,5,-4.0984,1.7299,1.0732,1.4180,0.7919,0.9608,-4.5512
bilevel,mid,a2.0_t0.10_aq1.0_zb0.5_r2,2.0000,0.1000,1.0000,0.5000,2,5,-4.0984,1.7299,1.0732,1.6714,0.7919,0.9608,-4.5512
bilevel,mid,a2.0_t0.02_aq1.0_zb0.5_r1,2.0000,0.0200,1.0000,0.5000,1,5,-4.0885,1.7403,1.0733,1.4332,0.7919,0.9608,-4.6132
bilevel,mid,a2.0_t0.02_aq1.0_zb0.5_r2,2.0000,0.0200,1.0000,0.5000,2,5,-4.0885,1.7403,1.0733,1.7319,0.7919,0.9608,-4.6132
bilevel,mid,a2.0_t0.10_aq0.5_zb0.3_r1,2.0000,0.1000,0.5000,0.3000,1,5,-3.8803,4.4871,1.0762,1.4454,0.7886,0.9586,-18.5551
bilevel,mid,a2.0_t0.10_aq0.5_zb0.3_r2,2.0000,0.1000,0.5000,0.3000,2,5,-3.8803,4.4871,1.0762,1.5895,0.7886,0.9586,-18.5551
bilevel,mid,a2.0_t0.10_aq0.5_zb0.5_r1,2.0000,0.1000,0.5000,0.5000,1,5,-3.8803,4.4871,1.0762,1.4317,0.7885,0.9584,-18.5551
bilevel,mid,a2.0_t0.10_aq0.5_zb0.5_r2,2.0000,0.1000,0.5000,0.5000,2,5,-3.8803,4.4871,1.0762,1.5925,0.7885,0.9584,-18.5551
bilevel,mid,a2.0_t0.10_aq1.0_zb0.3_r1,2.0000,0.1000,1.0000,0.3000,1,5,-3.8803,4.4871,1.0762,1.4639,0.7886,0.9586,-18.5551
bilevel,mid,a2.0_t0.10_aq1.0_zb0.3_r2,2.0000,0.1000,1.0000,0.3000,2,5,-3.8803,4.4871,1.0762,1.6847,0.7886,0.9586,-18.5551
bilevel,mid,a1.0_t0.02_aq0.5_zb0.3_r1,1.0000,0.0200,0.5000,0.3000,1,5,-3.4478,4.4119,1.0784,1.5000,0.7895,0.9569,-18.6118
bilevel,mid,a1.0_t0.02_aq0.5_zb0.3_r2,1.0000,0.0200,0.5000,0.3000,2,5,-3.4478,4.4119,1.0784,1.5863,0.7895,0.9569,-18.6118
bilevel,mid,a1.0_t0.02_aq0.5_zb0.5_r1,1.0000,0.0200,0.5000,0.5000,1,5,-3.4478,4.4119,1.0784,1.5285,0.7894,0.9568,-18.6118
bilevel,mid,a1.0_t0.02_aq0.5_zb0.5_r2,1.0000,0.0200,0.5000,0.5000,2,5,-3.4478,4.4119,1.0784,1.6387,0.7894,0.9569,-18.6118
bilevel,mid,a1.0_t0.02_aq1.0_zb0.3_r1,1.0000,0.0200,1.0000,0.3000,1,5,-3.4478,4.4119,1.0784,1.4394,0.7895,0.9569,-18.6118
bilevel,mid,a1.0_t0.02_aq1.0_zb0.3_r2,1.0000,0.0200,1.0000,0.3000,2,5,-3.4478,4.4119,1.0784,1.5956,0.7895,0.9569,-18.6118
bilevel,mid,a2.0_t0.02_aq0.5_zb0.3_r1,2.0000,0.0200,0.5000,0.3000,1,5,-3.8633,4.5046,1.0763,1.4597,0.7885,0.9586,-18.6599
bilevel,mid,a2.0_t0.02_aq0.5_zb0.3_r2,2.0000,0.0200,0.5000,0.3000,2,5,-3.8633,4.5046,1.0763,1.6478,0.7885,0.9586,-18.6599
bilevel,mid,a2.0_t0.02_aq0.5_zb0.5_r1,2.0000,0.0200,0.5000,0.5000,1,5,-3.8633,4.5046,1.0763,1.4552,0.7885,0.9584,-18.6599
bilevel,mid,a2.0_t0.02_aq0.5_zb0.5_r2,2.0000,0.0200,0.5000,0.5000,2,5,-3.8633,4.5046,1.0763,1.6173,0.7885,0.9585,-18.6599
bilevel,mid,a2.0_t0.02_aq1.0_zb0.3_r1,2.0000,0.0200,1.0000,0.3000,1,5,-3.8633,4.5046,1.0763,1.4422,0.7885,0.9586,-18.6599
bilevel,mid,a2.0_t0.02_aq1.0_zb0.3_r2,2.0000,0.0200,1.0000,0.3000,2,5,-3.8633,4.5046,1.0763,1.5942,0.7885,0.9586,-18.6599
bilevel,mid,a1.0_t0.10_aq0.5_zb0.3_r1,1.0000,0.1000,0.5000,0.3000,1,5,-3.4204,4.4290,1.0784,1.4468,0.7896,0.9569,-18.7245
bilevel,mid,a1.0_t0.10_aq0.5_zb0.3_r2,1.0000,0.1000,0.5000,0.3000,2,5,-3.4204,4.4290,1.0784,1.6313,0.7896,0.9569,-18.7245
bilevel,mid,a1.0_t0.10_aq0.5_zb0.5_r1,1.0000,0.1000,0.5000,0.5000,1,5,-3.4204,4.4290,1.0783,1.4540,0.7896,0.9568,-18.7245
bilevel,mid,a1.0_t0.10_aq0.5_zb0.5_r2,1.0000,0.1000,0.5000,0.5000,2,5,-3.4204,4.4290,1.0783,1.6068,0.7896,0.9569,-18.7245
bilevel,mid,a1.0_t0.10_aq1.0_zb0.3_r1,1.0000,0.1000,1.0000,0.3000,1,5,-3.4204,4.4290,1.0784,1.4347,0.7896,0.9569,-18.7245
bilevel,mid,a1.0_t0.10_aq1.0_zb0.3_r2,1.0000,0.1000,1.0000,0.3000,2,5,-3.4204,4.4290,1.0784,1.6212,0.7896,0.9569,-18.7245
bilevel,high,a2.0_t0.02_aq0.5_zb0.5_r1,2.0000,0.0200,0.5000,0.5000,1,5,-5.8610,-1.3139,1.0317,1.2919,0.8103,0.9660,5.8610
bilevel,high,a2.0_t0.02_aq0.5_zb0.3_r1,2.0000,0.0200,0.5000,0.3000,1,5,-5.8603,-1.3492,1.0317,1.3139,0.8103,0.9659,5.8603
bilevel,high,a2.0_t0.02_aq0.5_zb0.3_r2,2.0000,0.0200,0.5000,0.3000,2,5,-5.8603,-1.3492,1.0317,1.4009,0.8103,0.9659,5.8603
bilevel,high,a2.0_t0.02_aq1.0_zb0.3_r1,2.0000,0.0200,1.0000,0.3000,1,5,-5.8600,-1.3194,1.0317,1.2925,0.8103,0.9660,5.8600
bilevel,high,a2.0_t0.02_aq1.0_zb0.3_r2,2.0000,0.0200,1.0000,0.3000,2,5,-5.8600,-1.3194,1.0317,1.3547,0.8103,0.9660,5.8600
bilevel,high,a2.0_t0.02_aq0.5_zb0.5_r2,2.0000,0.0200,0.5000,0.5000,2,5,-5.8591,-1.3149,1.0317,1.3501,0.8103,0.9659,5.8591
bilevel,high,a2.0_t0.02_aq1.0_zb0.5_r1,2.0000,0.0200,1.0000,0.5000,1,5,-5.8395,-1.2387,1.0305,1.2834,0.8125,0.9669,5.8395
bilevel,high,a2.0_t0.02_aq1.0_zb0.5_r2,2.0000,0.0200,1.0000,0.5000,2,5,-5.8395,-1.2387,1.0305,1.4375,0.8125,0.9669,5.8395
bilevel,high,a1.0_t0.02_aq1.0_zb0.5_r1,1.0000,0.0200,1.0000,0.5000,1,5,-5.7838,-1.0532,1.0304,1.2977,0.8117,0.9664,5.7838
bilevel,high,a1.0_t0.02_aq1.0_zb0.5_r2,1.0000,0.0200,1.0000,0.5000,2,5,-5.7838,-1.0532,1.0304,1.3782,0.8117,0.9664,5.7838
bilevel,high,a1.0_t0.02_aq0.5_zb0.5_r2,1.0000,0.0200,0.5000,0.5000,2,5,-5.7412,-1.0917,1.0315,1.3608,0.8110,0.9659,5.7412
bilevel,high,a1.0_t0.02_aq1.0_zb0.3_r1,1.0000,0.0200,1.0000,0.3000,1,5,-5.7404,-1.1520,1.0315,1.2922,0.8110,0.9656,5.7404
bilevel,high,a1.0_t0.02_aq1.0_zb0.3_r2,1.0000,0.0200,1.0000,0.3000,2,5,-5.7404,-1.1520,1.0315,1.3594,0.8110,0.9656,5.7404
bilevel,high,a1.0_t0.02_aq0.5_zb0.3_r1,1.0000,0.0200,0.5000,0.3000,1,5,-5.7387,-1.1468,1.0315,1.3393,0.8110,0.9656,5.7387
bilevel,high,a1.0_t0.02_aq0.5_zb0.3_r2,1.0000,0.0200,0.5000,0.3000,2,5,-5.7387,-1.1468,1.0315,1.3499,0.8110,0.9656,5.7387
bilevel,high,a1.0_t0.02_aq0.5_zb0.5_r1,1.0000,0.0200,0.5000,0.5000,1,5,-5.7373,-1.0763,1.0315,1.3072,0.8110,0.9659,5.7373
bilevel,high,a2.0_t0.10_aq1.0_zb0.3_r1,2.0000,0.1000,1.0000,0.3000,1,5,-5.7123,-1.0436,1.0274,1.3013,0.8153,0.9691,5.7123
bilevel,high,a2.0_t0.10_aq1.0_zb0.3_r2,2.0000,0.1000,1.0000,0.3000,2,5,-5.7123,-1.0436,1.0274,1.4416,0.8153,0.9691,5.7123
bilevel,high,a2.0_t0.10_aq0.5_zb0.5_r1,2.0000,0.1000,0.5000,0.5000,1,5,-5.7118,-1.0831,1.0274,1.2787,0.8153,0.9690,5.7118
bilevel,high,a2.0_t0.10_aq0.5_zb0.5_r2,2.0000,0.1000,0.5000,0.5000,2,5,-5.7084,-1.0276,1.0274,1.3392,0.8153,0.9691,5.7084
bilevel,high,a2.0_t0.10_aq0.5_zb0.3_r1,2.0000,0.1000,0.5000,0.3000,1,5,-5.7082,-1.0330,1.0274,1.2969,0.8153,0.9692,5.7082
bilevel,high,a2.0_t0.10_aq0.5_zb0.3_r2,2.0000,0.1000,0.5000,0.3000,2,5,-5.7082,-1.0330,1.0274,1.3213,0.8153,0.9692,5.7082
bilevel,high,a2.0_t0.10_aq1.0_zb0.5_r1,2.0000,0.1000,1.0000,0.5000,1,5,-5.6898,-0.9259,1.0264,1.2798,0.8175,0.9700,5.6898
bilevel,high,a2.0_t0.10_aq1.0_zb0.5_r2,2.0000,0.1000,1.0000,0.5000,2,5,-5.6898,-0.9259,1.0264,1.4028,0.8175,0.9700,5.6898
bilevel,high,a1.0_t0.10_aq1.0_zb0.5_r1,1.0000,0.1000,1.0000,0.5000,1,5,-5.3847,-0.7432,1.0252,1.3062,0.8199,0.9710,5.3847
bilevel,high,a1.0_t0.10_aq1.0_zb0.5_r2,1.0000,0.1000,1.0000,0.5000,2,5,-5.3847,-0.7432,1.0252,1.4583,0.8199,0.9710,5.3847
bilevel,high,a1.0_t0.10_aq0.5_zb0.5_r1,1.0000,0.1000,0.5000,0.5000,1,5,-5.3184,-0.9898,1.0259,1.2896,0.8196,0.9701,5.3184
bilevel,high,a1.0_t0.10_aq0.5_zb0.5_r2,1.0000,0.1000,0.5000,0.5000,2,5,-5.3172,-0.9327,1.0259,1.3460,0.8196,0.9703,5.3172
bilevel,high,a1.0_t0.10_aq0.5_zb0.3_r1,1.0000,0.1000,0.5000,0.3000,1,5,-5.3169,-0.9389,1.0259,1.2871,0.8196,0.9702,5.3169
bilevel,high,a1.0_t0.10_aq0.5_zb0.3_r2,1.0000,0.1000,0.5000,0.3000,2,5,-5.3169,-0.9389,1.0259,1.3923,0.8196,0.9702,5.3169
bilevel,high,a1.0_t0.10_aq1.0_zb0.3_r1,1.0000,0.1000,1.0000,0.3000,1,5,-5.3152,-0.9485,1.0259,1.3152,0.8196,0.9702,5.3152
bilevel,high,a1.0_t0.10_aq1.0_zb0.3_r2,1.0000,0.1000,1.0000,0.3000,2,5,-5.3152,-0.9485,1.0259,1.4068,0.8196,0.9702,5.3152
bilevel,high,a2.0_t0.02_aq0.5_zb1.0_r2,2.0000,0.0200,0.5000,1.0000,2,5,-4.9761,-1.8018,1.0190,1.3616,0.8562,0.9716,4.9761
bilevel,high,a1.0_t0.02_aq0.5_zb1.0_r2,1.0000,0.0200,0.5000,1.0000,2,5,-4.8681,-1.8166,1.0187,1.3458,0.8572,0.9714,4.8681
bilevel,high,a2.0_t0.10_aq0.5_zb1.0_r2,2.0000,0.1000,0.5000,1.0000,2,5,-4.8528,-1.6827,1.0159,1.3251,0.8605,0.9739,4.8528
bilevel,high,a1.0_t0.10_aq0.5_zb1.0_r2,1.0000,0.1000,0.5000,1.0000,2,5,-4.5689,-1.5817,1.0150,1.4570,0.8640,0.9747,4.5689
bilevel,high,a2.0_t0.02_aq0.5_zb1.0_r1,2.0000,0.0200,0.5000,1.0000,1,5,-3.3004,-1.1489,1.0131,1.2980,0.8974,0.9795,3.3004
bilevel,high,a1.0_t0.02_aq0.5_zb1.0_r1,1.0000,0.0200,0.5000,1.0000,1,5,-3.2527,-1.3002,1.0130,1.2834,0.8974,0.9791,3.2527
bilevel,high,a2.0_t0.10_aq0.5_zb1.0_r1,2.0000,0.1000,0.5000,1.0000,1,5,-3.2006,-1.0269,1.0110,1.3061,0.9006,0.9817,3.2006
bilevel,high,a1.0_t0.10_aq0.5_zb1.0_r1,1.0000,0.1000,0.5000,1.0000,1,5,-3.0427,-1.1147,1.0105,1.2814,0.9024,0.9814,3.0427
doc-text,low,a2.0_t0.02_aq0.5_zb1.0_r2,2.0000,0.0200,0.5000,1.0000,2,6,-6.1332,0.4059,1.0367,1.4113,0.8529,0.9721,4.1039
doc-text,low,a2.0_t0.10_aq0.5_zb1.0_r2,2.0000,0.1000,0.5000,1.0000,2,6,-6.1332,0.4059,1.0367,1.3832,0.8529,0.9721,4.1039
doc-text,low,a1.0_t0.10_aq0.5_zb1.0_r2,1.0000,0.1000,0.5000,1.0000,2,6,-5.9841,0.4205,1.0381,1.3720,0.8531,0.9710,3.8814
doc-text,low,a1.0_t0.02_aq0.5_zb1.0_r2,1.0000,0.0200,0.5000,1.0000,2,6,-5.9840,0.4210,1.0381,1.3876,0.8531,0.9710,3.8790
doc-text,low,a2.0_t0.02_aq0.5_zb1.0_r1,2.0000,0.0200,0.5000,1.0000,1,6,-4.1248,0.1055,1.0233,1.2603,0.9025,0.9806,3.5972
doc-text,low,a2.0_t0.10_aq0.5_zb1.0_r1,2.0000,0.1000,0.5000,1.0000,1,6,-4.1248,0.1055,1.0233,1.2631,0.9025,0.9806,3.5972
doc-text,low,a1.0_t0.10_aq0.5_zb1.0_r1,1.0000,0.1000,0.5000,1.0000,1,6,-4.0156,0.1320,1.0242,1.3051,0.9028,0.9802,3.3558
doc-text,low,a1.0_t0.02_aq0.5_zb1.0_r1,1.0000,0.0200,0.5000,1.0000,1,6,-4.0152,0.1339,1.0242,1.2577,0.9028,0.9802,3.3455
doc-text,low,a2.0_t0.10_aq1.0_zb0.5_r1,2.0000,0.1000,1.0000,0.5000,1,6,-8.0615,4.8546,1.0734,1.2863,0.7930,0.9642,-16.2117
doc-text,low,a2.0_t0.10_aq1.0_zb0.5_r2,2.0000,0.1000,1.0000,0.5000,2,6,-8.0615,4.8546,1.0734,1.4245,0.7930,0.9642,-16.2117
doc-text,low,a2.0_t0.02_aq1.0_zb0.5_r1,2.0000,0.0200,1.0000,0.5000,1,6,-8.0616,4.8572,1.0734,1.2689,0.7930,0.9642,-16.2246
doc-text,low,a2.0_t0.02_aq1.0_zb0.5_r2,2.0000,0.0200,1.0000,0.5000,2,6,-8.0616,4.8572,1.0734,1.3882,0.7930,0.9642,-16.2246
doc-text,low,a1.0_t0.10_aq1.0_zb0.5_r1,1.0000,0.1000,1.0000,0.5000,1,6,-7.6208,4.9214,1.0758,1.2726,0.7937,0.9626,-16.9861
doc-text,low,a1.0_t0.10_aq1.0_zb0.5_r2,1.0000,0.1000,1.0000,0.5000,2,6,-7.6208,4.9214,1.0758,1.3748,0.7937,0.9626,-16.9861
doc-text,low,a1.0_t0.02_aq1.0_zb0.5_r1,1.0000,0.0200,1.0000,0.5000,1,6,-7.6211,4.9268,1.0758,1.2583,0.7937,0.9627,-17.0128
doc-text,low,a1.0_t0.02_aq1.0_zb0.5_r2,1.0000,0.0200,1.0000,0.5000,2,6,-7.6211,4.9268,1.0758,1.3845,0.7937,0.9627,-17.0128
doc-text,low,a2.0_t0.10_aq0.5_zb0.5_r1,2.0000,0.1000,0.5000,0.5000,1,6,-8.0647,5.0206,1.0754,1.2805,0.7919,0.9633,-17.0384
doc-text,low,a2.0_t0.02_aq0.5_zb0.5_r1,2.0000,0.0200,0.5000,0.5000,1,6,-8.0648,5.0209,1.0755,1.2496,0.7919,0.9633,-17.0396
doc-text,low,a2.0_t0.10_aq0.5_zb0.5_r2,2.0000,0.1000,0.5000,0.5000,2,6,-8.0577,5.0243,1.0755,1.4471,0.7918,0.9633,-17.0639
doc-text,low,a2.0_t0.02_aq0.5_zb0.5_r2,2.0000,0.0200,0.5000,0.5000,2,6,-8.0577,5.0246,1.0755,1.3583,0.7918,0.9633,-17.0652
doc-text,low,a2.0_t0.10_aq0.5_zb0.3_r1,2.0000,0.1000,0.5000,0.3000,1,6,-8.0565,5.0263,1.0754,1.2583,0.7918,0.9633,-17.0751
doc-text,low,a2.0_t0.10_aq0.5_zb0.3_r2,2.0000,0.1000,0.5000,0.3000,2,6,-8.0565,5.0263,1.0754,1.4246,0.7918,0.9633,-17.0751
doc-text,low,a2.0_t0.10_aq1.0_zb0.3_r1,2.0000,0.1000,1.0000,0.3000,1,6,-8.0565,5.0263,1.0754,1.2455,0.7918,0.9633,-17.0751
doc-text,low,a2.0_t0.10_aq1.0_zb0.3_r2,2.0000,0.1000,1.0000,0.3000,2,6,-8.0565,5.0263,1.0754,1.3807,0.7918,0.9633,-17.0751
doc-text,low,a2.0_t0.02_aq0.5_zb0.3_r1,2.0000,0.0200,0.5000,0.3000,1,6,-8.0565,5.0266,1.0755,1.2727,0.7918,0.9633,-17.0763
doc-text,low,a2.0_t0.02_aq0.5_zb0.3_r2,2.0000,0.0200,0.5000,0.3000,2,6,-8.0565,5.0266,1.0755,1.3613,0.7918,0.9633,-17.0763
doc-text,low,a2.0_t0.02_aq1.0_zb0.3_r1,2.0000,0.0200,1.0000,0.3000,1,6,-8.0565,5.0266,1.0755,1.2475,0.7918,0.9633,-17.0763
doc-text,low,a2.0_t0.02_aq1.0_zb0.3_r2,2.0000,0.0200,1.0000,0.3000,2,6,-8.0565,5.0266,1.0755,1.4777,0.7918,0.9633,-17.0763
doc-text,low,a1.0_t0.10_aq0.5_zb0.5_r1,1.0000,0.1000,0.5000,0.5000,1,6,-7.5858,5.0316,1.0779,1.2508,0.7926,0.9614,-17.5720
doc-text,low,a1.0_t0.10_aq0.5_zb0.5_r2,1.0000,0.1000,0.5000,0.5000,2,6,-7.5842,5.0321,1.0779,1.4800,0.7926,0.9614,-17.5763
doc-text,low,a1.0_t0.02_aq0.5_zb0.5_r1,1.0000,0.0200,0.5000,0.5000,1,6,-7.5856,5.0327,1.0779,1.2534,0.7926,0.9614,-17.5780
doc-text,low,a1.0_t0.02_aq0.5_zb0.5_r2,1.0000,0.0200,0.5000,0.5000,2,6,-7.5840,5.0333,1.0779,1.4370,0.7926,0.9614,-17.5823
doc-text,low,a1.0_t0.10_aq0.5_zb0.3_r1,1.0000,0.1000,0.5000,0.3000,1,6,-7.5869,5.0350,1.0779,1.2771,0.7926,0.9614,-17.5881
doc-text,low,a1.0_t0.10_aq0.5_zb0.3_r2,1.0000,0.1000,0.5000,0.3000,2,6,-7.5869,5.0350,1.0779,1.4404,0.7926,0.9614,-17.5881
doc-text,low,a1.0_t0.10_aq1.0_zb0.3_r1,1.0000,0.1000,1.0000,0.3000,1,6,-7.5869,5.0350,1.0779,1.3143,0.7926,0.9614,-17.5881
doc-text,low,a1.0_t0.10_aq1.0_zb0.3_r2,1.0000,0.1000,1.0000,0.3000,2,6,-7.5869,5.0350,1.0779,1.4277,0.7926,0.9614,-17.5881
doc-text,low,a1.0_t0.02_aq0.5_zb0.3_r1,1.0000,0.0200,0.5000,0.3000,1,6,-7.5866,5.0361,1.0780,1.2533,0.7926,0.9614,-17.5941
doc-text,low,a1.0_t0.02_aq0.5_zb0.3_r2,1.0000,0.0200,0.5000,0.3000,2,6,-7.5866,5.0361,1.0780,1.4408,0.7926,0.9614,-17.5941
doc-text,low,a1.0_t0.02_aq1.0_zb0.3_r1,1.0000,0.0200,1.0000,0.3000,1,6,-7.5866,5.0361,1.0780,1.2541,0.7926,0.9614,-17.5941
doc-text,low,a1.0_t0.02_aq1.0_zb0.3_r2,1.0000,0.0200,1.0000,0.3000,2,6,-7.5866,5.0361,1.0780,1.4273,0.7926,0.9614,-17.5941
doc-text,mid,a2.0_t0.10_aq0.5_zb1.0_r2,2.0000,0.1000,0.5000,1.0000,2,6,-5.6418,0.6012,1.0325,1.3268,0.8234,0.9533,2.6358
doc-text,mid,a2.0_t0.02_aq0.5_zb1.0_r2,2.0000,0.0200,0.5000,1.0000,2,6,-5.6409,0.6026,1.0325,1.3434,0.8234,0.9533,2.6277
doc-text,mid,a1.0_t0.10_aq0.5_zb1.0_r2,1.0000,0.1000,0.5000,1.0000,2,6,-5.4643,0.5910,1.0335,1.3287,0.8235,0.9517,2.5093
doc-text,mid,a2.0_t0.02_aq0.5_zb1.0_r1,2.0000,0.0200,0.5000,1.0000,1,6,-3.8085,0.2723,1.0213,1.2179,0.8773,0.9686,2.4468
doc-text,mid,a2.0_t0.10_aq0.5_zb1.0_r1,2.0000,0.1000,0.5000,1.0000,1,6,-3.8110,0.2969,1.0213,1.2361,0.8774,0.9688,2.3264
doc-text,mid,a1.0_t0.02_aq0.5_zb1.0_r2,1.0000,0.0200,0.5000,1.0000,2,6,-5.4533,0.6255,1.0336,1.3532,0.8234,0.9519,2.3258
doc-text,mid,a1.0_t0.10_aq0.5_zb1.0_r1,1.0000,0.1000,0.5000,1.0000,1,6,-3.6803,0.2726,1.0220,1.2219,0.8779,0.9679,2.3172
doc-text,mid,a1.0_t0.02_aq0.5_zb1.0_r1,1.0000,0.0200,0.5000,1.0000,1,6,-3.6739,0.2897,1.0220,1.2233,0.8778,0.9679,2.2253
doc-text,mid,a2.0_t0.10_aq1.0_zb0.5_r1,2.0000,0.1000,1.0000,0.5000,1,6,-4.0146,4.3698,1.0733,1.2455,0.7738,0.9451,-17.8343
doc-text,mid,a2.0_t0.10_aq1.0_zb0.5_r2,2.0000,0.1000,1.0000,0.5000,2,6,-4.0146,4.3698,1.0733,1.4215,0.7738,0.9451,-17.8343
doc-text,mid,a2.0_t0.02_aq1.0_zb0.5_r1,2.0000,0.0200,1.0000,0.5000,1,6,-4.0068,4.3858,1.0733,1.2375,0.7738,0.9451,-17.9223
doc-text,mid,a2.0_t0.02_aq1.0_zb0.5_r2,2.0000,0.0200,1.0000,0.5000,2,6,-4.0068,4.3858,1.0733,1.3339,0.7738,0.9451,-17.9223
doc-text,mid,a1.0_t0.10_aq1.0_zb0.5_r1,1.0000,0.1000,1.0000,0.5000,1,6,-3.5342,4.3529,1.0755,1.2317,0.7752,0.9424,-18.2303
doc-text,mid,a1.0_t0.10_aq1.0_zb0.5_r2,1.0000,0.1000,1.0000,0.5000,2,6,-3.5342,4.3529,1.0755,1.3302,0.7752,0.9424,-18.2303
doc-text,mid,a1.0_t0.02_aq1.0_zb0.5_r1,1.0000,0.0200,1.0000,0.5000,1,6,-3.5179,4.3632,1.0756,1.2177,0.7751,0.9424,-18.2979
doc-text,mid,a1.0_t0.02_aq1.0_zb0.5_r2,1.0000,0.0200,1.0000,0.5000,2,6,-3.5179,4.3632,1.0756,1.3588,0.7751,0.9424,-18.2979
doc-text,mid,a2.0_t0.10_aq0.5_zb0.5_r1,2.0000,0.1000,0.5000,0.5000,1,6,-3.8633,4.6169,1.0753,1.2377,0.7725,0.9448,-19.2214
doc-text,mid,a2.0_t0.10_aq0.5_zb0.5_r2,2.0000,0.1000,0.5000,0.5000,2,6,-3.8633,4.6245,1.0752,1.3984,0.7723,0.9449,-19.2591
doc-text,mid,a2.0_t0.10_aq1.0_zb0.3_r1,2.0000,0.1000,1.0000,0.3000,1,6,-3.8633,4.6263,1.0752,1.2309,0.7727,0.9449,-19.2682
doc-text,mid,a2.0_t0.10_aq1.0_zb0.3_r2,2.0000,0.1000,1.0000,0.3000,2,6,-3.8633,4.6263,1.0752,1.3495,0.7727,0.9449,-19.2682
doc-text,mid,a2.0_t0.10_aq0.5_zb0.3_r1,2.0000,0.1000,0.5000,0.3000,1,6,-3.8633,4.6274,1.0752,1.2207,0.7727,0.9449,-19.2737
doc-text,mid,a2.0_t0.10_aq0.5_zb0.3_r2,2.0000,0.1000,0.5000,0.3000,2,6,-3.8633,4.6274,1.0752,1.4095,0.7727,0.9449,-19.2737
doc-text,mid,a2.0_t0.02_aq0.5_zb0.5_r1,2.0000,0.0200,0.5000,0.5000,1,6,-3.8561,4.6328,1.0753,1.2158,0.7725,0.9449,-19.3077
doc-text,mid,a2.0_t0.02_aq0.5_zb0.5_r2,2.0000,0.0200,0.5000,0.5000,2,6,-3.8561,4.6403,1.0753,1.3274,0.7723,0.9450,-19.3454
doc-text,mid,a2.0_t0.02_aq1.0_zb0.3_r1,2.0000,0.0200,1.0000,0.3000,1,6,-3.8561,4.6421,1.0753,1.2338,0.7727,0.9449,-19.3545
doc-text,mid,a2.0_t0.02_aq1.0_zb0.3_r2,2.0000,0.0200,1.0000,0.3000,2,6,-3.8561,4.6421,1.0753,1.4234,0.7727,0.9449,-19.3545
doc-text,mid,a2.0_t0.02_aq0.5_zb0.3_r1,2.0000,0.0200,0.5000,0.3000,1,6,-3.8561,4.6432,1.0753,1.2460,0.7727,0.9450,-19.3600
doc-text,mid,a2.0_t0.02_aq0.5_zb0.3_r2,2.0000,0.0200,0.5000,0.3000,2,6,-3.8561,4.6432,1.0753,1.3582,0.7727,0.9450,-19.3600
doc-text,mid,a1.0_t0.10_aq0.5_zb0.5_r1,1.0000,0.1000,0.5000,0.5000,1,6,-3.3992,4.6214,1.0775,1.2213,0.7738,0.9423,-19.7080
doc-text,mid,a1.0_t0.02_aq0.5_zb0.5_r1,1.0000,0.0200,0.5000,0.5000,1,6,-3.3943,4.6206,1.0776,1.2368,0.7737,0.9422,-19.7088
doc-text,mid,a1.0_t0.02_aq0.5_zb0.3_r1,1.0000,0.0200,0.5000,0.3000,1,6,-3.3943,4.6269,1.0776,1.2337,0.7738,0.9422,-19.7401
doc-text,mid,a1.0_t0.02_aq0.5_zb0.3_r2,1.0000,0.0200,0.5000,0.3000,2,6,-3.3943,4.6269,1.0776,1.4169,0.7738,0.9422,-19.7401
doc-text,mid,a1.0_t0.10_aq0.5_zb0.3_r1,1.0000,0.1000,0.5000,0.3000,1,6,-3.3992,4.6289,1.0775,1.2455,0.7739,0.9423,-19.7452
doc-text,mid,a1.0_t0.10_aq0.5_zb0.3_r2,1.0000,0.1000,0.5000,0.3000,2,6,-3.3992,4.6289,1.0775,1.4781,0.7739,0.9423,-19.7452
doc-text,mid,a1.0_t0.02_aq0.5_zb0.5_r2,1.0000,0.0200,0.5000,0.5000,2,6,-3.3943,4.6302,1.0776,1.3785,0.7736,0.9422,-19.7568
doc-text,mid,a1.0_t0.02_aq1.0_zb0.3_r1,1.0000,0.0200,1.0000,0.3000,1,6,-3.3943,4.6305,1.0776,1.2197,0.7738,0.9423,-19.7581
doc-text,mid,a1.0_t0.02_aq1.0_zb0.3_r2,1.0000,0.0200,1.0000,0.3000,2,6,-3.3943,4.6305,1.0776,1.3511,0.7738,0.9423,-19.7581
doc-text,mid,a1.0_t0.10_aq1.0_zb0.3_r1,1.0000,0.1000,1.0000,0.3000,1,6,-3.3992,4.6319,1.0775,1.2501,0.7739,0.9424,-19.7605
doc-text,mid,a1.0_t0.10_aq1.0_zb0.3_r2,1.0000,0.1000,1.0000,0.3000,2,6,-3.3992,4.6319,1.0775,1.4432,0.7739,0.9424,-19.7605
doc-text,mid,a1.0_t0.10_aq0.5_zb0.5_r2,1.0000,0.1000,0.5000,0.5000,2,6,-3.3992,4.6325,1.0775,1.4350,0.7737,0.9423,-19.7636
doc-text,high,a2.0_t0.02_aq0.5_zb0.5_r2,2.0000,0.0200,0.5000,0.5000,2,6,-23.3791,-8.9404,1.1024,1.3202,0.7617,0.9545,23.3791
doc-text,high,a2.0_t0.02_aq0.5_zb0.3_r1,2.0000,0.0200,0.5000,0.3000,1,6,-23.3645,-8.9779,1.1024,1.2349,0.7619,0.9540,23.3645
doc-text,high,a2.0_t0.02_aq0.5_zb0.3_r2,2.0000,0.0200,0.5000,0.3000,2,6,-23.3645,-8.9779,1.1024,1.3111,0.7619,0.9540,23.3645
doc-text,high,a2.0_t0.02_aq1.0_zb0.3_r1,2.0000,0.0200,1.0000,0.3000,1,6,-23.3642,-8.9183,1.1024,1.2234,0.7619,0.9546,23.3642
doc-text,high,a2.0_t0.02_aq1.0_zb0.3_r2,2.0000,0.0200,1.0000,0.3000,2,6,-23.3642,-8.9183,1.1024,1.3938,0.7619,0.9546,23.3642
doc-text,high,a2.0_t0.02_aq0.5_zb0.5_r1,2.0000,0.0200,0.5000,0.5000,1,6,-23.3596,-8.9634,1.1024,1.2183,0.7618,0.9543,23.3596
doc-text,high,a1.0_t0.02_aq0.5_zb0.5_r2,1.0000,0.0200,0.5000,0.5000,2,6,-23.3052,-11.5683,1.1024,1.3808,0.7642,0.9530,23.3052
doc-text,high,a1.0_t0.02_aq1.0_zb0.3_r1,1.0000,0.0200,1.0000,0.3000,1,6,-23.2908,-11.5538,1.1024,1.2321,0.7643,0.9536,23.2908
doc-text,high,a1.0_t0.02_aq1.0_zb0.3_r2,1.0000,0.0200,1.0000,0.3000,2,6,-23.2908,-11.5538,1.1024,1.3347,0.7643,0.9536,23.2908
doc-text,high,a1.0_t0.02_aq0.5_zb0.3_r1,1.0000,0.0200,0.5000,0.3000,1,6,-23.2904,-11.5692,1.1024,1.2388,0.7643,0.9533,23.2904
doc-text,high,a1.0_t0.02_aq0.5_zb0.3_r2,1.0000,0.0200,0.5000,0.3000,2,6,-23.2904,-11.5692,1.1024,1.4192,0.7643,0.9533,23.2904
doc-text,high,a1.0_t0.02_aq0.5_zb0.5_r1,1.0000,0.0200,0.5000,0.5000,1,6,-23.2836,-11.5770,1.1024,1.2226,0.7644,0.9532,23.2836
doc-text,high,a1.0_t0.02_aq1.0_zb0.5_r1,1.0000,0.0200,1.0000,0.5000,1,6,-23.2798,-11.2305,1.1011,1.2344,0.7662,0.9559,23.2798
doc-text,high,a1.0_t0.02_aq1.0_zb0.5_r2,1.0000,0.0200,1.0000,0.5000,2,6,-23.2798,-11.2305,1.1011,1.3291,0.7662,0.9559,23.2798
doc-text,high,a2.0_t0.10_aq0.5_zb0.5_r2,2.0000,0.1000,0.5000,0.5000,2,6,-23.1567,-8.9725,1.0921,1.3540,0.7736,0.9600,23.1567
doc-text,high,a2.0_t0.10_aq1.0_zb0.3_r1,2.0000,0.1000,1.0000,0.3000,1,6,-23.1416,-8.9623,1.0921,1.2230,0.7738,0.9601,23.1416
doc-text,high,a2.0_t0.10_aq1.0_zb0.3_r2,2.0000,0.1000,1.0000,0.3000,2,6,-23.1416,-8.9623,1.0921,1.3165,0.7738,0.9601,23.1416
doc-text,high,a2.0_t0.10_aq0.5_zb0.3_r1,2.0000,0.1000,0.5000,0.3000,1,6,-23.1411,-8.9512,1.0921,1.2113,0.7738,0.9603,23.1411
doc-text,high,a2.0_t0.10_aq0.5_zb0.3_r2,2.0000,0.1000,0.5000,0.3000,2,6,-23.1411,-8.9512,1.0921,1.3475,0.7738,0.9603,23.1411
doc-text,high,a2.0_t0.10_aq0.5_zb0.5_r1,2.0000,0.1000,0.5000,0.5000,1,6,-23.1384,-8.9848,1.0921,1.1974,0.7738,0.9599,23.1384
doc-text,high,a1.0_t0.10_aq0.5_zb0.5_r2,1.0000,0.1000,0.5000,0.5000,2,6,-22.6994,-11.0697,1.0916,1.3641,0.7810,0.9619,22.6994
doc-text,high,a1.0_t0.10_aq0.5_zb0.3_r1,1.0000,0.1000,0.5000,0.3000,1,6,-22.6841,-11.0711,1.0916,1.2485,0.7812,0.9619,22.6841
doc-text,high,a1.0_t0.10_aq0.5_zb0.3_r2,1.0000,0.1000,0.5000,0.3000,2,6,-22.6841,-11.0711,1.0916,1.3690,0.7812,0.9619,22.6841
doc-text,high,a1.0_t0.10_aq1.0_zb0.3_r1,1.0000,0.1000,1.0000,0.3000,1,6,-22.6833,-11.0802,1.0916,1.2198,0.7812,0.9619,22.6833
doc-text,high,a1.0_t0.10_aq1.0_zb0.3_r2,1.0000,0.1000,1.0000,0.3000,2,6,-22.6833,-11.0802,1.0916,1.3938,0.7812,0.9619,22.6833
doc-text,high,a1.0_t0.10_aq0.5_zb0.5_r1,1.0000,0.1000,0.5000,0.5000,1,6,-22.6832,-11.0581,1.0916,1.2173,0.7812,0.9619,22.6832
doc-text,high,a1.0_t0.10_aq1.0_zb0.5_r1,1.0000,0.1000,1.0000,0.5000,1,6,-22.6639,-11.1025,1.0908,1.2427,0.7833,0.9631,22.6639
doc-text,high,a1.0_t0.10_aq1.0_zb0.5_r2,1.0000,0.1000,1.0000,0.5000,2,6,-22.6639,-11.1025,1.0908,1.3224,0.7833,0.9631,22.6639
doc-text,high,a2.0_t0.02_aq0.5_zb1.0_r2,2.0000,0.0200,0.5000,1.0000,2,6,-21.8568,-19.2419,1.0258,1.3517,0.8238,0.9601,21.8568
doc-text,high,a1.0_t0.02_aq0.5_zb1.0_r2,1.0000,0.0200,0.5000,1.0000,2,6,-21.7705,-17.0128,1.0253,1.3223,0.8258,0.9590,21.7705
doc-text,high,a2.0_t0.10_aq0.5_zb1.0_r2,2.0000,0.1000,0.5000,1.0000,2,6,-21.6321,-19.1807,1.0199,1.2973,0.8335,0.9645,21.6321
doc-text,high,a1.0_t0.10_aq0.5_zb1.0_r2,1.0000,0.1000,0.5000,1.0000,2,6,-21.3140,-15.2737,1.0191,1.2869,0.8388,0.9658,21.3140
doc-text,high,a2.0_t0.02_aq0.5_zb1.0_r1,2.0000,0.0200,0.5000,1.0000,1,6,-20.1837,-12.3236,1.0173,1.2129,0.8736,0.9700,20.1837
doc-text,high,a1.0_t0.02_aq0.5_zb1.0_r1,1.0000,0.0200,0.5000,1.0000,1,6,-20.1484,-17.3370,1.0170,1.2211,0.8749,0.9691,20.1484
doc-text,high,a2.0_t0.10_aq0.5_zb1.0_r1,2.0000,0.1000,0.5000,1.0000,1,6,-20.0384,-11.3574,1.0133,1.2144,0.8805,0.9751,20.0384
doc-text,high,a1.0_t0.10_aq0.5_zb1.0_r1,1.0000,0.1000,0.5000,1.0000,1,6,-19.8672,-15.1191,1.0127,1.2209,0.8840,0.9733,19.8672
doc-text,high,a2.0_t0.10_aq1.0_zb0.5_r1,2.0000,0.1000,1.0000,0.5000,1,6,-23.0880,141207488597745.0625,1.0913,1.2428,0.7763,0.9634,-706037442988702.1250
doc-text,high,a2.0_t0.10_aq1.0_zb0.5_r2,2.0000,0.1000,1.0000,0.5000,2,6,-23.0880,141207488597745.0625,1.0913,1.3732,0.7763,0.9634,-706037442988702.1250
doc-text,high,a2.0_t0.02_aq1.0_zb0.5_r1,2.0000,0.0200,1.0000,0.5000,1,6,-23.3393,142436612094393.1250,1.1009,1.2381,0.7642,0.9550,-712183060471942.2500
doc-text,high,a2.0_t0.02_aq1.0_zb0.5_r2,2.0000,0.0200,1.0000,0.5000,2,6,-23.3393,142436612094393.1250,1.1009,1.3194,0.7642,0.9550,-712183060471942.2500
mixed-vector,low,a2.0_t0.02_aq0.5_zb1.0_r2,2.0000,0.0200,0.5000,1.0000,2,4,-6.0870,0.4153,1.0205,1.6566,0.8998,0.9862,4.0106
mixed-vector,low,a2.0_t0.10_aq0.5_zb1.0_r2,2.0000,0.1000,0.5000,1.0000,2,4,-6.0870,0.4153,1.0205,1.6133,0.8998,0.9862,4.0106
mixed-vector,low,a1.0_t0.10_aq0.5_zb1.0_r2,1.0000,0.1000,0.5000,1.0000,2,4,-5.9411,0.3889,1.0203,1.6891,0.9001,0.9853,3.9967
mixed-vector,low,a1.0_t0.02_aq0.5_zb1.0_r2,1.0000,0.0200,0.5000,1.0000,2,4,-5.9351,0.4024,1.0214,1.6817,0.9001,0.9852,3.9233
mixed-vector,low,a1.0_t0.10_aq0.5_zb1.0_r1,1.0000,0.1000,0.5000,1.0000,1,4,-2.4405,0.1511,1.0134,1.4907,0.9400,0.9902,1.6850
mixed-vector,low,a1.0_t0.02_aq0.5_zb1.0_r1,1.0000,0.0200,0.5000,1.0000,1,4,-2.4261,0.1740,1.0145,1.4515,0.9400,0.9903,1.5562
mixed-vector,low,a2.0_t0.02_aq0.5_zb1.0_r1,2.0000,0.0200,0.5000,1.0000,1,4,-2.5073,0.2629,1.0140,1.4460,0.9392,0.9914,1.1927
mixed-vector,low,a2.0_t0.10_aq0.5_zb1.0_r1,2.0000,0.1000,0.5000,1.0000,1,4,-2.5073,0.2629,1.0140,1.4477,0.9392,0.9914,1.1927
mixed-vector,low,a2.0_t0.10_aq1.0_zb0.5_r1,2.0000,0.1000,1.0000,0.5000,1,4,-6.9290,2.9238,1.0435,1.5301,0.8604,0.9884,-7.6898
mixed-vector,low,a2.0_t0.10_aq1.0_zb0.5_r2,2.0000,0.1000,1.0000,0.5000,2,4,-6.9290,2.9238,1.0435,1.6346,0.8604,0.9884,-7.6898
mixed-vector,low,a2.0_t0.10_aq0.5_zb0.3_r1,2.0000,0.1000,0.5000,0.3000,1,4,-6.9642,2.9594,1.0438,1.4846,0.8597,0.9887,-7.8326
mixed-vector,low,a2.0_t0.10_aq0.5_zb0.3_r2,2.0000,0.1000,0.5000,0.3000,2,4,-6.9642,2.9594,1.0438,1.7286,0.8597,0.9887,-7.8326
mixed-vector,low,a2.0_t0.10_aq0.5_zb0.5_r1,2.0000,0.1000,0.5000,0.5000,1,4,-6.9642,2.9594,1.0438,1.4922,0.8597,0.9887,-7.8326
mixed-vector,low,a2.0_t0.10_aq0.5_zb0.5_r2,2.0000,0.1000,0.5000,0.5000,2,4,-6.9642,2.9594,1.0438,1.7070,0.8597,0.9887,-7.8326
mixed-vector,low,a2.0_t0.10_aq1.0_zb0.3_r1,2.0000,0.1000,1.0000,0.3000,1,4,-6.9642,2.9594,1.0438,1.4108,0.8597,0.9887,-7.8326
mixed-vector,low,a2.0_t0.10_aq1.0_zb0.3_r2,2.0000,0.1000,1.0000,0.3000,2,4,-6.9642,2.9594,1.0438,1.6930,0.8597,0.9887,-7.8326
mixed-vector,low,a2.0_t0.02_aq1.0_zb0.5_r1,2.0000,0.0200,1.0000,0.5000,1,4,-6.9000,2.9741,1.0436,1.4328,0.8604,0.9885,-7.9707
mixed-vector,low,a2.0_t0.02_aq1.0_zb0.5_r2,2.0000,0.0200,1.0000,0.5000,2,4,-6.9000,2.9741,1.0436,1.6499,0.8604,0.9885,-7.9707
mixed-vector,low,a2.0_t0.02_aq0.5_zb0.3_r1,2.0000,0.0200,0.5000,0.3000,1,4,-6.9352,3.0097,1.0439,1.4932,0.8598,0.9888,-8.1135
mixed-vector,low,a2.0_t0.02_aq0.5_zb0.3_r2,2.0000,0.0200,0.5000,0.3000,2,4,-6.9352,3.0097,1.0439,1.6307,0.8598,0.9888,-8.1135
mixed-vector,low,a2.0_t0.02_aq0.5_zb0.5_r1,2.0000,0.0200,0.5000,0.5000,1,4,-6.9352,3.0097,1.0439,1.4733,0.8598,0.9888,-8.1135
mixed-vector,low,a2.0_t0.02_aq0.5_zb0.5_r2,2.0000,0.0200,0.5000,0.5000,2,4,-6.9352,3.0097,1.0439,1.6293,0.8598,0.9888,-8.1135
mixed-vector,low,a2.0_t0.02_aq1.0_zb0.3_r1,2.0000,0.0200,1.0000,0.3000,1,4,-6.9352,3.0097,1.0439,1.4321,0.8598,0.9888,-8.1135
mixed-vector,low,a2.0_t0.02_aq1.0_zb0.3_r2,2.0000,0.0200,1.0000,0.3000,2,4,-6.9352,3.0097,1.0439,1.6741,0.8598,0.9888,-8.1135
mixed-vector,low,a1.0_t0.10_aq1.0_zb0.5_r1,1.0000,0.1000,1.0000,0.5000,1,4,-5.5280,3.5589,1.0447,1.4792,0.8686,0.9890,-12.2664
mixed-vector,low,a1.0_t0.10_aq1.0_zb0.5_r2,1.0000,0.1000,1.0000,0.5000,2,4,-5.5280,3.5589,1.0447,1.6562,0.8686,0.9890,-12.2664
mixed-vector,low,a1.0_t0.10_aq0.5_zb0.3_r1,1.0000,0.1000,0.5000,0.3000,1,4,-5.5124,3.5832,1.0450,1.4718,0.8683,0.9891,-12.4034
mixed-vector,low,a1.0_t0.10_aq0.5_zb0.3_r2,1.0000,0.1000,0.5000,0.3000,2,4,-5.5124,3.5832,1.0450,1.6861,0.8683,0.9891,-12.4034
mixed-vector,low,a1.0_t0.10_aq0.5_zb0.5_r1,1.0000,0.1000,0.5000,0.5000,1,4,-5.5124,3.5832,1.0450,1.4566,0.8683,0.9891,-12.4034
mixed-vector,low,a1.0_t0.10_aq0.5_zb0.5_r2,1.0000,0.1000,0.5000,0.5000,2,4,-5.5124,3.5832,1.0450,1.7372,0.8683,0.9891,-12.4034
mixed-vector,low,a1.0_t0.10_aq1.0_zb0.3_r1,1.0000,0.1000,1.0000,0.3000,1,4,-5.5124,3.5832,1.0450,1.4971,0.8683,0.9891,-12.4034
mixed-vector,low,a1.0_t0.10_aq1.0_zb0.3_r2,1.0000,0.1000,1.0000,0.3000,2,4,-5.5124,3.5832,1.0450,1.6825,0.8683,0.9891,-12.4034
mixed-vector,low,a1.0_t0.02_aq1.0_zb0.5_r1,1.0000,0.0200,1.0000,0.5000,1,4,-5.5114,3.6497,1.0462,1.4486,0.8686,0.9892,-12.7369
mixed-vector,low,a1.0_t0.02_aq1.0_zb0.5_r2,1.0000,0.0200,1.0000,0.5000,2,4,-5.5114,3.6497,1.0462,1.6775,0.8686,0.9892,-12.7369
mixed-vector,low,a1.0_t0.02_aq0.5_zb0.3_r1,1.0000,0.0200,0.5000,0.3000,1,4,-5.4961,3.6631,1.0465,1.4519,0.8683,0.9891,-12.8196
mixed-vector,low,a1.0_t0.02_aq0.5_zb0.3_r2,1.0000,0.0200,0.5000,0.3000,2,4,-5.4961,3.6631,1.0465,1.7452,0.8683,0.9891,-12.8196
mixed-vector,low,a1.0_t0.02_aq0.5_zb0.5_r1,1.0000,0.0200,0.5000,0.5000,1,4,-5.4961,3.6631,1.0465,1.4767,0.8683,0.9891,-12.8196
mixed-vector,low,a1.0_t0.02_aq0.5_zb0.5_r2,1.0000,0.0200,0.5000,0.5000,2,4,-5.4961,3.6631,1.0465,1.6890,0.8683,0.9891,-12.8196
mixed-vector,low,a1.0_t0.02_aq1.0_zb0.3_r1,1.0000,0.0200,1.0000,0.3000,1,4,-5.4961,3.6631,1.0465,1.4730,0.8683,0.9891,-12.8196
mixed-vector,low,a1.0_t0.02_aq1.0_zb0.3_r2,1.0000,0.0200,1.0000,0.3000,2,4,-5.4961,3.6631,1.0465,1.6408,0.8683,0.9891,-12.8196
mixed-vector,mid,a1.0_t0.10_aq0.5_zb1.0_r2,1.0000,0.1000,0.5000,1.0000,2,4,-3.1787,-0.0015,1.0143,1.5408,0.9046,0.9754,3.1787
mixed-vector,mid,a1.0_t0.02_aq0.5_zb1.0_r2,1.0000,0.0200,0.5000,1.0000,2,4,-3.1782,0.0075,1.0143,1.5773,0.9046,0.9756,3.1408
mixed-vector,mid,a2.0_t0.02_aq0.5_zb1.0_r2,2.0000,0.0200,0.5000,1.0000,2,4,-3.1982,0.2352,1.0140,1.5166,0.9046,0.9784,2.0224
mixed-vector,mid,a2.0_t0.10_aq0.5_zb1.0_r2,2.0000,0.1000,0.5000,1.0000,2,4,-3.1982,0.2352,1.0140,1.5162,0.9046,0.9784,2.0224
mixed-vector,mid,a2.0_t0.02_aq0.5_zb1.0_r1,2.0000,0.0200,0.5000,1.0000,1,4,-1.8484,-0.2068,1.0088,1.3661,0.9338,0.9830,1.8484
mixed-vector,mid,a2.0_t0.10_aq0.5_zb1.0_r1,2.0000,0.1000,0.5000,1.0000,1,4,-1.8484,-0.2068,1.0088,1.3458,0.9338,0.9830,1.8484
mixed-vector,mid,a1.0_t0.10_aq0.5_zb1.0_r1,1.0000,0.1000,0.5000,1.0000,1,4,-1.8261,-0.1445,1.0090,1.3959,0.9338,0.9835,1.8261
mixed-vector,mid,a1.0_t0.02_aq0.5_zb1.0_r1,1.0000,0.0200,0.5000,1.0000,1,4,-1.8232,-0.1416,1.0090,1.3386,0.9339,0.9835,1.8232
mixed-vector,mid,a1.0_t0.10_aq1.0_zb0.5_r1,1.0000,0.1000,1.0000,0.5000,1,4,-3.2760,4.1602,1.0390,1.3915,0.8288,0.9740,-17.5248
mixed-vector,mid,a1.0_t0.10_aq1.0_zb0.5_r2,1.0000,0.1000,1.0000,0.5000,2,4,-3.2760,4.1602,1.0390,1.5206,0.8288,0.9740,-17.5248
mixed-vector,mid,a1.0_t0.02_aq1.0_zb0.5_r1,1.0000,0.0200,1.0000,0.5000,1,4,-3.2760,4.1644,1.0390,1.3391,0.8288,0.9741,-17.5459
mixed-vector,mid,a1.0_t0.02_aq1.0_zb0.5_r2,1.0000,0.0200,1.0000,0.5000,2,4,-3.2760,4.1644,1.0390,1.6151,0.8288,0.9741,-17.5459
mixed-vector,mid,a1.0_t0.02_aq0.5_zb0.3_r1,1.0000,0.0200,0.5000,0.3000,1,4,-3.2760,4.2354,1.0393,1.5142,0.8282,0.9747,-17.9011
mixed-vector,mid,a1.0_t0.02_aq0.5_zb0.3_r2,1.0000,0.0200,0.5000,0.3000,2,4,-3.2760,4.2354,1.0393,1.5796,0.8282,0.9747,-17.9011
mixed-vector,mid,a1.0_t0.02_aq0.5_zb0.5_r1,1.0000,0.0200,0.5000,0.5000,1,4,-3.2760,4.2354,1.0393,1.4271,0.8282,0.9747,-17.9011
mixed-vector,mid,a1.0_t0.02_aq0.5_zb0.5_r2,1.0000,0.0200,0.5000,0.5000,2,4,-3.2760,4.2354,1.0393,1.5429,0.8282,0.9747,-17.9011
mixed-vector,mid,a1.0_t0.02_aq1.0_zb0.3_r1,1.0000,0.0200,1.0000,0.3000,1,4,-3.2760,4.2354,1.0393,1.3422,0.8282,0.9747,-17.9011
mixed-vector,mid,a1.0_t0.02_aq1.0_zb0.3_r2,1.0000,0.0200,1.0000,0.3000,2,4,-3.2760,4.2354,1.0393,1.5230,0.8282,0.9747,-17.9011
mixed-vector,mid,a1.0_t0.10_aq0.5_zb0.3_r1,1.0000,0.1000,0.5000,0.3000,1,4,-3.2760,4.2463,1.0392,1.3661,0.8282,0.9745,-17.9557
mixed-vector,mid,a1.0_t0.10_aq0.5_zb0.3_r2,1.0000,0.1000,0.5000,0.3000,2,4,-3.2760,4.2463,1.0392,1.6222,0.8282,0.9745,-17.9557
mixed-vector,mid,a1.0_t0.10_aq0.5_zb0.5_r1,1.0000,0.1000,0.5000,0.5000,1,4,-3.2760,4.2463,1.0392,1.3872,0.8282,0.9745,-17.9557
mixed-vector,mid,a1.0_t0.10_aq0.5_zb0.5_r2,1.0000,0.1000,0.5000,0.5000,2,4,-3.2760,4.2463,1.0392,1.5942,0.8282,0.9745,-17.9557
mixed-vector,mid,a1.0_t0.10_aq1.0_zb0.3_r1,1.0000,0.1000,1.0000,0.3000,1,4,-3.2760,4.2463,1.0392,1.4272,0.8282,0.9745,-17.9557
mixed-vector,mid,a1.0_t0.10_aq1.0_zb0.3_r2,1.0000,0.1000,1.0000,0.3000,2,4,-3.2760,4.2463,1.0392,1.5349,0.8282,0.9745,-17.9557
mixed-vector,mid,a2.0_t0.02_aq1.0_zb0.5_r1,2.0000,0.0200,1.0000,0.5000,1,4,-3.3210,4.7113,1.0381,1.3500,0.8292,0.9766,-20.2357
mixed-vector,mid,a2.0_t0.02_aq1.0_zb0.5_r2,2.0000,0.0200,1.0000,0.5000,2,4,-3.3210,4.7113,1.0381,1.5442,0.8292,0.9766,-20.2357
mixed-vector,mid,a2.0_t0.10_aq0.5_zb0.3_r1,2.0000,0.1000,0.5000,0.3000,1,4,-3.3210,4.7155,1.0385,1.3722,0.8279,0.9759,-20.2564
mixed-vector,mid,a2.0_t0.10_aq0.5_zb0.3_r2,2.0000,0.1000,0.5000,0.3000,2,4,-3.3210,4.7155,1.0385,1.5717,0.8279,0.9759,-20.2564
mixed-vector,mid,a2.0_t0.10_aq0.5_zb0.5_r1,2.0000,0.1000,0.5000,0.5000,1,4,-3.3210,4.7155,1.0385,1.4131,0.8279,0.9759,-20.2564
mixed-vector,mid,a2.0_t0.10_aq0.5_zb0.5_r2,2.0000,0.1000,0.5000,0.5000,2,4,-3.3210,4.7155,1.0385,1.5359,0.8279,0.9759,-20.2564
mixed-vector,mid,a2.0_t0.10_aq1.0_zb0.3_r1,2.0000,0.1000,1.0000,0.3000,1,4,-3.3210,4.7155,1.0385,1.3325,0.8279,0.9759,-20.2564
mixed-vector,mid,a2.0_t0.10_aq1.0_zb0.3_r2,2.0000,0.1000,1.0000,0.3000,2,4,-3.3210,4.7155,1.0385,1.5177,0.8279,0.9759,-20.2564
mixed-vector,mid,a2.0_t0.10_aq1.0_zb0.5_r1,2.0000,0.1000,1.0000,0.5000,1,4,-3.3210,4.7220,1.0380,1.4469,0.8292,0.9767,-20.2892
mixed-vector,mid,a2.0_t0.10_aq1.0_zb0.5_r2,2.0000,0.1000,1.0000,0.5000,2,4,-3.3210,4.7220,1.0380,1.5370,0.8292,0.9767,-20.2892
mixed-vector,mid,a2.0_t0.02_aq0.5_zb0.3_r1,2.0000,0.0200,0.5000,0.3000,1,4,-3.3210,4.7478,1.0385,1.3686,0.8279,0.9763,-20.4181
mixed-vector,mid,a2.0_t0.02_aq0.5_zb0.3_r2,2.0000,0.0200,0.5000,0.3000,2,4,-3.3210,4.7478,1.0385,1.5567,0.8279,0.9763,-20.4181
mixed-vector,mid,a2.0_t0.02_aq0.5_zb0.5_r1,2.0000,0.0200,0.5000,0.5000,1,4,-3.3210,4.7478,1.0385,1.4363,0.8279,0.9763,-20.4181
mixed-vector,mid,a2.0_t0.02_aq0.5_zb0.5_r2,2.0000,0.0200,0.5000,0.5000,2,4,-3.3210,4.7478,1.0385,1.5066,0.8279,0.9763,-20.4181
mixed-vector,mid,a2.0_t0.02_aq1.0_zb0.3_r1,2.0000,0.0200,1.0000,0.3000,1,4,-3.3210,4.7478,1.0385,1.3259,0.8279,0.9763,-20.4181
mixed-vector,mid,a2.0_t0.02_aq1.0_zb0.3_r2,2.0000,0.0200,1.0000,0.3000,2,4,-3.3210,4.7478,1.0385,1.5480,0.8279,0.9763,-20.4181
mixed-vector,high,a2.0_t0.02_aq0.5_zb0.3_r1,2.0000,0.0200,0.5000,0.3000,1,4,-6.3037,-0.6015,1.0231,1.2791,0.8348,0.9688,6.3037
mixed-vector,high,a2.0_t0.02_aq0.5_zb0.3_r2,2.0000,0.0200,0.5000,0.3000,2,4,-6.3037,-0.6015,1.0231,1.2576,0.8348,0.9688,6.3037
mixed-vector,high,a2.0_t0.02_aq0.5_zb0.5_r1,2.0000,0.0200,0.5000,0.5000,1,4,-6.3037,-0.6015,1.0231,1.2941,0.8348,0.9688,6.3037
mixed-vector,high,a2.0_t0.02_aq0.5_zb0.5_r2,2.0000,0.0200,0.5000,0.5000,2,4,-6.3037,-0.6015,1.0231,1.2805,0.8348,0.9688,6.3037
mixed-vector,high,a2.0_t0.02_aq1.0_zb0.3_r1,2.0000,0.0200,1.0000,0.3000,1,4,-6.3037,-0.6015,1.0231,1.1940,0.8348,0.9688,6.3037
mixed-vector,high,a2.0_t0.02_aq1.0_zb0.3_r2,2.0000,0.0200,1.0000,0.3000,2,4,-6.3037,-0.6015,1.0231,1.2895,0.8348,0.9688,6.3037
mixed-vector,high,a1.0_t0.02_aq0.5_zb0.3_r1,1.0000,0.0200,0.5000,0.3000,1,4,-6.2666,-0.5807,1.0224,1.2184,0.8355,0.9693,6.2666
mixed-vector,high,a1.0_t0.02_aq0.5_zb0.3_r2,1.0000,0.0200,0.5000,0.3000,2,4,-6.2666,-0.5807,1.0224,1.3159,0.8355,0.9693,6.2666
mixed-vector,high,a1.0_t0.02_aq0.5_zb0.5_r1,1.0000,0.0200,0.5000,0.5000,1,4,-6.2666,-0.5807,1.0224,1.2196,0.8355,0.9693,6.2666
mixed-vector,high,a1.0_t0.02_aq0.5_zb0.5_r2,1.0000,0.0200,0.5000,0.5000,2,4,-6.2666,-0.5807,1.0224,1.2969,0.8355,0.9693,6.2666
mixed-vector,high,a1.0_t0.02_aq1.0_zb0.3_r1,1.0000,0.0200,1.0000,0.3000,1,4,-6.2666,-0.5807,1.0224,1.2427,0.8355,0.9693,6.2666
mixed-vector,high,a1.0_t0.02_aq1.0_zb0.3_r2,1.0000,0.0200,1.0000,0.3000,2,4,-6.2666,-0.5807,1.0224,1.3181,0.8355,0.9693,6.2666
mixed-vector,high,a2.0_t0.02_aq1.0_zb0.5_r1,2.0000,0.0200,1.0000,0.5000,1,4,-6.2542,-0.4236,1.0227,1.2236,0.8362,0.9706,6.2542
mixed-vector,high,a2.0_t0.02_aq1.0_zb0.5_r2,2.0000,0.0200,1.0000,0.5000,2,4,-6.2542,-0.4236,1.0227,1.2671,0.8362,0.9706,6.2542
mixed-vector,high,a1.0_t0.02_aq1.0_zb0.5_r1,1.0000,0.0200,1.0000,0.5000,1,4,-6.2178,-0.6044,1.0222,1.2195,0.8372,0.9686,6.2178
mixed-vector,high,a1.0_t0.02_aq1.0_zb0.5_r2,1.0000,0.0200,1.0000,0.5000,2,4,-6.2178,-0.6044,1.0222,1.2889,0.8372,0.9686,6.2178
mixed-vector,high,a2.0_t0.10_aq1.0_zb0.5_r1,2.0000,0.1000,1.0000,0.5000,1,4,-5.8407,-0.1617,1.0203,1.3042,0.8436,0.9738,5.8407
mixed-vector,high,a2.0_t0.10_aq1.0_zb0.5_r2,2.0000,0.1000,1.0000,0.5000,2,4,-5.8407,-0.1617,1.0203,1.2846,0.8436,0.9738,5.8407
mixed-vector,high,a2.0_t0.10_aq0.5_zb0.3_r1,2.0000,0.1000,0.5000,0.3000,1,4,-5.8192,-0.1234,1.0205,1.2139,0.8428,0.9733,5.8192
mixed-vector,high,a2.0_t0.10_aq0.5_zb0.3_r2,2.0000,0.1000,0.5000,0.3000,2,4,-5.8192,-0.1234,1.0205,1.2953,0.8428,0.9733,5.8192
mixed-vector,high,a2.0_t0.10_aq0.5_zb0.5_r1,2.0000,0.1000,0.5000,0.5000,1,4,-5.8192,-0.1234,1.0205,1.2471,0.8428,0.9733,5.8192
mixed-vector,high,a2.0_t0.10_aq0.5_zb0.5_r2,2.0000,0.1000,0.5000,0.5000,2,4,-5.8192,-0.1234,1.0205,1.3290,0.8428,0.9733,5.8192
mixed-vector,high,a2.0_t0.10_aq1.0_zb0.3_r1,2.0000,0.1000,1.0000,0.3000,1,4,-5.8192,-0.1234,1.0205,1.2063,0.8428,0.9733,5.8192
mixed-vector,high,a2.0_t0.10_aq1.0_zb0.3_r2,2.0000,0.1000,1.0000,0.3000,2,4,-5.8192,-0.1234,1.0205,1.2848,0.8428,0.9733,5.8192
mixed-vector,high,a1.0_t0.10_aq0.5_zb0.3_r1,1.0000,0.1000,0.5000,0.3000,1,4,-5.4291,-0.1039,1.0195,1.2195,0.8478,0.9743,5.4291
mixed-vector,high,a1.0_t0.10_aq0.5_zb0.3_r2,1.0000,0.1000,0.5000,0.3000,2,4,-5.4291,-0.1039,1.0195,1.3146,0.8478,0.9743,5.4291
mixed-vector,high,a1.0_t0.10_aq0.5_zb0.5_r1,1.0000,0.1000,0.5000,0.5000,1,4,-5.4291,-0.1039,1.0195,1.2101,0.8478,0.9743,5.4291
mixed-vector,high,a1.0_t0.10_aq0.5_zb0.5_r2,1.0000,0.1000,0.5000,0.5000,2,4,-5.4291,-0.1039,1.0195,1.3624,0.8478,0.9743,5.4291
mixed-vector,high,a1.0_t0.10_aq1.0_zb0.3_r1,1.0000,0.1000,1.0000,0.3000,1,4,-5.4291,-0.1039,1.0195,1.2283,0.8478,0.9743,5.4291
mixed-vector,high,a1.0_t0.10_aq1.0_zb0.3_r2,1.0000,0.1000,1.0000,0.3000,2,4,-5.4291,-0.1039,1.0195,1.3012,0.8478,0.9743,5.4291
mixed-vector,high,a1.0_t0.10_aq1.0_zb0.5_r1,1.0000,0.1000,1.0000,0.5000,1,4,-5.3541,-0.1671,1.0193,1.2178,0.8498,0.9745,5.3541
mixed-vector,high,a1.0_t0.10_aq1.0_zb0.5_r2,1.0000,0.1000,1.0000,0.5000,2,4,-5.3541,-0.1671,1.0193,1.2559,0.8498,0.9745,5.3541
mixed-vector,high,a2.0_t0.02_aq0.5_zb1.0_r2,2.0000,0.0200,0.5000,1.0000,2,4,-3.6898,-1.6738,1.0102,1.2808,0.8934,0.9744,3.6898
mixed-vector,high,a1.0_t0.02_aq0.5_zb1.0_r2,1.0000,0.0200,0.5000,1.0000,2,4,-3.6343,-1.7912,1.0097,1.3362,0.8942,0.9740,3.6343
mixed-vector,high,a2.0_t0.10_aq0.5_zb1.0_r2,2.0000,0.1000,0.5000,1.0000,2,4,-3.4498,-1.2597,1.0085,1.2796,0.8981,0.9780,3.4498
mixed-vector,high,a1.0_t0.10_aq0.5_zb1.0_r2,1.0000,0.1000,0.5000,1.0000,2,4,-3.0977,-1.4081,1.0078,1.2771,0.9029,0.9783,3.0977
mixed-vector,high,a2.0_t0.02_aq0.5_zb1.0_r1,2.0000,0.0200,0.5000,1.0000,1,4,-2.2712,-1.0036,1.0067,1.2220,0.9266,0.9819,2.2712
mixed-vector,high,a1.0_t0.02_aq0.5_zb1.0_r1,1.0000,0.0200,0.5000,1.0000,1,4,-2.2669,-0.9116,1.0063,1.2193,0.9277,0.9823,2.2669
mixed-vector,high,a2.0_t0.10_aq0.5_zb1.0_r1,2.0000,0.1000,0.5000,1.0000,1,4,-2.1125,-0.8118,1.0056,1.1981,0.9303,0.9836,2.1125
mixed-vector,high,a1.0_t0.10_aq0.5_zb1.0_r1,1.0000,0.1000,0.5000,1.0000,1,4,-1.9430,-0.7455,1.0053,1.2667,0.9347,0.9844,1.9430
palette-rich,low,a2.0_t0.02_aq0.5_zb1.0_r1,2.0000,0.0200,0.5000,1.0000,1,4,0.2986,-0.5218,1.0041,0.8821,0.9991,0.9990,-0.2986
palette-rich,low,a2.0_t0.10_aq0.5_zb1.0_r1,2.0000,0.1000,0.5000,1.0000,1,4,0.2986,-0.5218,1.0041,0.8833,0.9991,0.9990,-0.2986
palette-rich,low,a1.0_t0.02_aq0.5_zb1.0_r1,1.0000,0.0200,0.5000,1.0000,1,4,0.5515,-0.6251,1.0050,0.8773,1.0026,0.9984,-0.5515
palette-rich,low,a1.0_t0.10_aq0.5_zb1.0_r1,1.0000,0.1000,0.5000,1.0000,1,4,0.5515,-0.6251,1.0050,0.8927,1.0026,0.9984,-0.5515
palette-rich,low,a1.0_t0.02_aq0.5_zb1.0_r2,1.0000,0.0200,0.5000,1.0000,2,4,1.1716,0.1502,1.0102,0.8705,1.0020,0.9975,-1.9226
palette-rich,low,a1.0_t0.10_aq0.5_zb1.0_r2,1.0000,0.1000,0.5000,1.0000,2,4,1.1716,0.1502,1.0102,0.8996,1.0020,0.9975,-1.9226
palette-rich,low,a2.0_t0.02_aq0.5_zb0.3_r1,2.0000,0.0200,0.5000,0.3000,1,4,2.0221,-1.7761,1.0150,0.8306,0.8332,0.9856,-2.0221
palette-rich,low,a2.0_t0.02_aq0.5_zb0.3_r2,2.0000,0.0200,0.5000,0.3000,2,4,2.0221,-1.7761,1.0150,0.8610,0.8332,0.9856,-2.0221
palette-rich,low,a2.0_t0.02_aq0.5_zb0.5_r1,2.0000,0.0200,0.5000,0.5000,1,4,2.0221,-1.7761,1.0150,0.8481,0.8332,0.9856,-2.0221
palette-rich,low,a2.0_t0.02_aq0.5_zb0.5_r2,2.0000,0.0200,0.5000,0.5000,2,4,2.0221,-1.7761,1.0150,0.8586,0.8332,0.9856,-2.0221
palette-rich,low,a2.0_t0.02_aq1.0_zb0.3_r1,2.0000,0.0200,1.0000,0.3000,1,4,2.0221,-1.7761,1.0150,0.8627,0.8332,0.9856,-2.0221
palette-rich,low,a2.0_t0.02_aq1.0_zb0.3_r2,2.0000,0.0200,1.0000,0.3000,2,4,2.0221,-1.7761,1.0150,0.8642,0.8332,0.9856,-2.0221
palette-rich,low,a2.0_t0.02_aq1.0_zb0.5_r1,2.0000,0.0200,1.0000,0.5000,1,4,2.0221,-1.7761,1.0150,0.8577,0.8332,0.9856,-2.0221
palette-rich,low,a2.0_t0.02_aq1.0_zb0.5_r2,2.0000,0.0200,1.0000,0.5000,2,4,2.0221,-1.7761,1.0150,0.8849,0.8332,0.9856,-2.0221
palette-rich,low,a2.0_t0.10_aq0.5_zb0.3_r1,2.0000,0.1000,0.5000,0.3000,1,4,2.0221,-1.7761,1.0150,0.8490,0.8332,0.9856,-2.0221
palette-rich,low,a2.0_t0.10_aq0.5_zb0.3_r2,2.0000,0.1000,0.5000,0.3000,2,4,2.0221,-1.7761,1.0150,1.1621,0.8332,0.9856,-2.0221
palette-rich,low,a2.0_t0.10_aq0.5_zb0.5_r1,2.0000,0.1000,0.5000,0.5000,1,4,2.0221,-1.7761,1.0150,0.9307,0.8332,0.9856,-2.0221
palette-rich,low,a2.0_t0.10_aq0.5_zb0.5_r2,2.0000,0.1000,0.5000,0.5000,2,4,2.0221,-1.7761,1.0150,0.9517,0.8332,0.9856,-2.0221
palette-rich,low,a2.0_t0.10_aq1.0_zb0.3_r1,2.0000,0.1000,1.0000,0.3000,1,4,2.0221,-1.7761,1.0150,0.8988,0.8332,0.9856,-2.0221
palette-rich,low,a2.0_t0.10_aq1.0_zb0.3_r2,2.0000,0.1000,1.0000,0.3000,2,4,2.0221,-1.7761,1.0150,0.9162,0.8332,0.9856,-2.0221
palette-rich,low,a2.0_t0.10_aq1.0_zb0.5_r1,2.0000,0.1000,1.0000,0.5000,1,4,2.0221,-1.7761,1.0150,0.9751,0.8332,0.9856,-2.0221
palette-rich,low,a2.0_t0.10_aq1.0_zb0.5_r2,2.0000,0.1000,1.0000,0.5000,2,4,2.0221,-1.7761,1.0150,0.9395,0.8332,0.9856,-2.0221
palette-rich,low,a2.0_t0.02_aq0.5_zb1.0_r2,2.0000,0.0200,0.5000,1.0000,2,4,1.1264,0.2514,1.0097,0.8856,1.0010,0.9978,-2.3833
palette-rich,low,a2.0_t0.10_aq0.5_zb1.0_r2,2.0000,0.1000,0.5000,1.0000,2,4,1.1264,0.2514,1.0097,0.9133,1.0010,0.9978,-2.3833
palette-rich,low,a1.0_t0.02_aq0.5_zb0.3_r1,1.0000,0.0200,0.5000,0.3000,1,4,2.4823,-1.8543,1.0188,0.8848,0.8342,0.9855,-2.4823
palette-rich,low,a1.0_t0.02_aq0.5_zb0.3_r2,1.0000,0.0200,0.5000,0.3000,2,4,2.4823,-1.8543,1.0188,0.8766,0.8342,0.9855,-2.4823
palette-rich,low,a1.0_t0.02_aq0.5_zb0.5_r1,1.0000,0.0200,0.5000,0.5000,1,4,2.4823,-1.8543,1.0188,0.8178,0.8342,0.9855,-2.4823
palette-rich,low,a1.0_t0.02_aq0.5_zb0.5_r2,1.0000,0.0200,0.5000,0.5000,2,4,2.4823,-1.8543,1.0188,0.9387,0.8342,0.9855,-2.4823
palette-rich,low,a1.0_t0.02_aq1.0_zb0.3_r1,1.0000,0.0200,1.0000,0.3000,1,4,2.4823,-1.8543,1.0188,0.8587,0.8342,0.9855,-2.4823
palette-rich,low,a1.0_t0.02_aq1.0_zb0.3_r2,1.0000,0.0200,1.0000,0.3000,2,4,2.4823,-1.8543,1.0188,0.8685,0.8342,0.9855,-2.4823
palette-rich,low,a1.0_t0.02_aq1.0_zb0.5_r1,1.0000,0.0200,1.0000,0.5000,1,4,2.4823,-1.8543,1.0188,0.8458,0.8342,0.9855,-2.4823
palette-rich,low,a1.0_t0.02_aq1.0_zb0.5_r2,1.0000,0.0200,1.0000,0.5000,2,4,2.4823,-1.8543,1.0188,1.1147,0.8342,0.9855,-2.4823
palette-rich,low,a1.0_t0.10_aq0.5_zb0.3_r1,1.0000,0.1000,0.5000,0.3000,1,4,2.9587,-1.8864,1.0188,0.8340,0.8614,0.9890,-2.9587
palette-rich,low,a1.0_t0.10_aq0.5_zb0.3_r2,1.0000,0.1000,0.5000,0.3000,2,4,2.9587,-1.8864,1.0188,1.0563,0.8614,0.9890,-2.9587
palette-rich,low,a1.0_t0.10_aq0.5_zb0.5_r1,1.0000,0.1000,0.5000,0.5000,1,4,2.9587,-1.8864,1.0188,0.8417,0.8614,0.9890,-2.9587
palette-rich,low,a1.0_t0.10_aq0.5_zb0.5_r2,1.0000,0.1000,0.5000,0.5000,2,4,2.9587,-1.8864,1.0188,1.0028,0.8614,0.9890,-2.9587
palette-rich,low,a1.0_t0.10_aq1.0_zb0.3_r1,1.0000,0.1000,1.0000,0.3000,1,4,2.9587,-1.8864,1.0188,0.8710,0.8614,0.9890,-2.9587
palette-rich,low,a1.0_t0.10_aq1.0_zb0.3_r2,1.0000,0.1000,1.0000,0.3000,2,4,2.9587,-1.8864,1.0188,0.9249,0.8614,0.9890,-2.9587
palette-rich,low,a1.0_t0.10_aq1.0_zb0.5_r1,1.0000,0.1000,1.0000,0.5000,1,4,2.9587,-1.8864,1.0188,0.8860,0.8614,0.9890,-2.9587
palette-rich,low,a1.0_t0.10_aq1.0_zb0.5_r2,1.0000,0.1000,1.0000,0.5000,2,4,2.9587,-1.8864,1.0188,0.8745,0.8614,0.9890,-2.9587
palette-rich,mid,a2.0_t0.02_aq0.5_zb1.0_r1,2.0000,0.0200,0.5000,1.0000,1,4,0.3741,0.3092,1.0063,1.0240,0.9942,0.9977,-1.9202
palette-rich,mid,a2.0_t0.10_aq0.5_zb1.0_r1,2.0000,0.1000,0.5000,1.0000,1,4,0.3741,0.3092,1.0063,1.1922,0.9942,0.9977,-1.9202
palette-rich,mid,a1.0_t0.02_aq0.5_zb1.0_r1,1.0000,0.0200,0.5000,1.0000,1,4,0.5192,0.3596,1.0070,1.0924,0.9945,0.9975,-2.3174
palette-rich,mid,a1.0_t0.10_aq0.5_zb1.0_r1,1.0000,0.1000,0.5000,1.0000,1,4,0.5192,0.3596,1.0070,1.1007,0.9945,0.9975,-2.3174
palette-rich,mid,a2.0_t0.02_aq0.5_zb1.0_r2,2.0000,0.0200,0.5000,1.0000,2,4,0.6495,0.4874,1.0094,1.0555,0.9915,0.9956,-3.0865
palette-rich,mid,a2.0_t0.10_aq0.5_zb1.0_r2,2.0000,0.1000,0.5000,1.0000,2,4,0.6495,0.4874,1.0094,1.0561,0.9915,0.9956,-3.0865
palette-rich,mid,a1.0_t0.02_aq0.5_zb1.0_r2,1.0000,0.0200,0.5000,1.0000,2,4,0.7565,0.5153,1.0098,1.2624,0.9918,0.9954,-3.3329
palette-rich,mid,a1.0_t0.10_aq0.5_zb1.0_r2,1.0000,0.1000,0.5000,1.0000,2,4,0.7565,0.5153,1.0098,1.0526,0.9918,0.9954,-3.3329
palette-rich,mid,a1.0_t0.10_aq0.5_zb0.3_r1,1.0000,0.1000,0.5000,0.3000,1,4,1.5930,0.8541,1.0152,1.0148,0.9931,0.9946,-5.8637
palette-rich,mid,a1.0_t0.10_aq0.5_zb0.3_r2,1.0000,0.1000,0.5000,0.3000,2,4,1.5930,0.8541,1.0152,1.0862,0.9931,0.9946,-5.8637
palette-rich,mid,a1.0_t0.10_aq0.5_zb0.5_r1,1.0000,0.1000,0.5000,0.5000,1,4,1.5930,0.8541,1.0152,0.9826,0.9931,0.9946,-5.8637
palette-rich,mid,a1.0_t0.10_aq0.5_zb0.5_r2,1.0000,0.1000,0.5000,0.5000,2,4,1.5930,0.8541,1.0152,1.2224,0.9931,0.9946,-5.8637
palette-rich,mid,a1.0_t0.10_aq1.0_zb0.3_r1,1.0000,0.1000,1.0000,0.3000,1,4,1.5930,0.8541,1.0152,1.0237,0.9931,0.9946,-5.8637
palette-rich,mid,a1.0_t0.10_aq1.0_zb0.3_r2,1.0000,0.1000,1.0000,0.3000,2,4,1.5930,0.8541,1.0152,1.3069,0.9931,0.9946,-5.8637
palette-rich,mid,a1.0_t0.10_aq1.0_zb0.5_r1,1.0000,0.1000,1.0000,0.5000,1,4,1.5930,0.8541,1.0152,1.0747,0.9931,0.9946,-5.8637
palette-rich,mid,a1.0_t0.10_aq1.0_zb0.5_r2,1.0000,0.1000,1.0000,0.5000,2,4,1.5930,0.8541,1.0152,1.0245,0.9931,0.9946,-5.8637
palette-rich,mid,a2.0_t0.02_aq0.5_zb0.3_r1,2.0000,0.0200,0.5000,0.3000,1,4,1.7997,0.9239,1.0169,1.0204,0.9924,0.9946,-6.4190
palette-rich,mid,a2.0_t0.02_aq0.5_zb0.3_r2,2.0000,0.0200,0.5000,0.3000,2,4,1.7997,0.9239,1.0169,1.0570,0.9924,0.9946,-6.4190
palette-rich,mid,a2.0_t0.02_aq0.5_zb0.5_r1,2.0000,0.0200,0.5000,0.5000,1,4,1.7997,0.9239,1.0169,0.9945,0.9924,0.9946,-6.4190
palette-rich,mid,a2.0_t0.02_aq0.5_zb0.5_r2,2.0000,0.0200,0.5000,0.5000,2,4,1.7997,0.9239,1.0169,1.0193,0.9924,0.9946,-6.4190
palette-rich,mid,a2.0_t0.02_aq1.0_zb0.3_r1,2.0000,0.0200,1.0000,0.3000,1,4,1.7997,0.9239,1.0169,1.0122,0.9924,0.9946,-6.4190
palette-rich,mid,a2.0_t0.02_aq1.0_zb0.3_r2,2.0000,0.0200,1.0000,0.3000,2,4,1.7997,0.9239,1.0169,1.0560,0.9924,0.9946,-6.4190
palette-rich,mid,a2.0_t0.02_aq1.0_zb0.5_r1,2.0000,0.0200,1.0000,0.5000,1,4,1.7997,0.9239,1.0169,1.0232,0.9924,0.9946,-6.4190
palette-rich,mid,a2.0_t0.02_aq1.0_zb0.5_r2,2.0000,0.0200,1.0000,0.5000,2,4,1.7997,0.9239,1.0169,1.0484,0.9924,0.9946,-6.4190
palette-rich,mid,a2.0_t0.10_aq0.5_zb0.3_r1,2.0000,0.1000,0.5000,0.3000,1,4,1.7997,0.9239,1.0169,1.0666,0.9924,0.9946,-6.4190
palette-rich,mid,a2.0_t0.10_aq0.5_zb0.3_r2,2.0000,0.1000,0.5000,0.3000,2,4,1.7997,0.9239,1.0169,1.1384,0.9924,0.9946,-6.4190
palette-rich,mid,a2.0_t0.10_aq0.5_zb0.5_r1,2.0000,0.1000,0.5000,0.5000,1,4,1.7997,0.9239,1.0169,1.1840,0.9924,0.9946,-6.4190
palette-rich,mid,a2.0_t0.10_aq0.5_zb0.5_r2,2.0000,0.1000,0.5000,0.5000,2,4,1.7997,0.9239,1.0169,1.0184,0.9924,0.9946,-6.4190
palette-rich,mid,a2.0_t0.10_aq1.0_zb0.3_r1,2.0000,0.1000,1.0000,0.3000,1,4,1.7997,0.9239,1.0169,1.0072,0.9924,0.9946,-6.4190
palette-rich,mid,a2.0_t0.10_aq1.0_zb0.3_r2,2.0000,0.1000,1.0000,0.3000,2,4,1.7997,0.9239,1.0169,1.0932,0.9924,0.9946,-6.4190
palette-rich,mid,a2.0_t0.10_aq1.0_zb0.5_r1,2.0000,0.1000,1.0000,0.5000,1,4,1.7997,0.9239,1.0169,1.1822,0.9924,0.9946,-6.4190
palette-rich,mid,a2.0_t0.10_aq1.0_zb0.5_r2,2.0000,0.1000,1.0000,0.5000,2,4,1.7997,0.9239,1.0169,1.2030,0.9924,0.9946,-6.4190
palette-rich,mid,a1.0_t0.02_aq0.5_zb0.3_r1,1.0000,0.0200,0.5000,0.3000,1,4,1.5930,0.9959,1.0165,1.0979,1.0081,0.9974,-6.5724
palette-rich,mid,a1.0_t0.02_aq0.5_zb0.3_r2,1.0000,0.0200,0.5000,0.3000,2,4,1.5930,0.9959,1.0165,1.0600,1.0081,0.9974,-6.5724
palette-rich,mid,a1.0_t0.02_aq0.5_zb0.5_r1,1.0000,0.0200,0.5000,0.5000,1,4,1.5930,0.9959,1.0165,1.0535,1.0081,0.9974,-6.5724
palette-rich,mid,a1.0_t0.02_aq0.5_zb0.5_r2,1.0000,0.0200,0.5000,0.5000,2,4,1.5930,0.9959,1.0165,1.0536,1.0081,0.9974,-6.5724
palette-rich,mid,a1.0_t0.02_aq1.0_zb0.3_r1,1.0000,0.0200,1.0000,0.3000,1,4,1.5930,0.9959,1.0165,1.1245,1.0081,0.9974,-6.5724
palette-rich,mid,a1.0_t0.02_aq1.0_zb0.3_r2,1.0000,0.0200,1.0000,0.3000,2,4,1.5930,0.9959,1.0165,1.0436,1.0081,0.9974,-6.5724
palette-rich,mid,a1.0_t0.02_aq1.0_zb0.5_r1,1.0000,0.0200,1.0000,0.5000,1,4,1.5930,0.9959,1.0165,1.0802,1.0081,0.9974,-6.5724
palette-rich,mid,a1.0_t0.02_aq1.0_zb0.5_r2,1.0000,0.0200,1.0000,0.5000,2,4,1.5930,0.9959,1.0165,1.1039,1.0081,0.9974,-6.5724
palette-rich,high,a1.0_t0.10_aq0.5_zb1.0_r1,1.0000,0.1000,0.5000,1.0000,1,4,0.4509,0.8800,1.0030,0.9299,0.9994,0.9999,-4.8509
palette-rich,high,a1.0_t0.02_aq0.5_zb1.0_r1,1.0000,0.0200,0.5000,1.0000,1,4,0.4515,0.9321,1.0030,0.9201,0.9994,0.9999,-5.1122
palette-rich,high,a2.0_t0.10_aq0.5_zb1.0_r1,2.0000,0.1000,0.5000,1.0000,1,4,0.4582,0.9374,1.0032,0.9211,0.9993,1.0000,-5.1454
palette-rich,high,a2.0_t0.02_aq0.5_zb1.0_r1,2.0000,0.0200,0.5000,1.0000,1,4,0.4570,0.9405,1.0032,0.8865,0.9993,1.0000,-5.1595
palette-rich,high,a1.0_t0.10_aq0.5_zb1.0_r2,1.0000,0.1000,0.5000,1.0000,2,4,0.5703,0.9996,1.0040,0.9978,0.9993,0.9999,-5.5685
palette-rich,high,a2.0_t0.10_aq0.5_zb1.0_r2,2.0000,0.1000,0.5000,1.0000,2,4,0.5711,1.0638,1.0043,0.9003,0.9992,0.9999,-5.8898
palette-rich,high,a1.0_t0.02_aq0.5_zb1.0_r2,1.0000,0.0200,0.5000,1.0000,2,4,0.5962,1.0753,1.0043,0.9342,0.9993,1.0000,-5.9726
palette-rich,high,a2.0_t0.02_aq0.5_zb1.0_r2,2.0000,0.0200,0.5000,1.0000,2,4,0.6185,1.0779,1.0045,0.9004,0.9994,0.9999,-6.0081
palette-rich,high,a1.0_t0.10_aq0.5_zb0.3_r1,1.0000,0.1000,0.5000,0.3000,1,4,-0.3059,1.2630,1.0070,0.8886,0.9980,0.9989,-6.0092
palette-rich,high,a1.0_t0.10_aq0.5_zb0.3_r2,1.0000,0.1000,0.5000,0.3000,2,4,-0.3059,1.2630,1.0070,0.9245,0.9980,0.9989,-6.0092
palette-rich,high,a1.0_t0.10_aq0.5_zb0.5_r1,1.0000,0.1000,0.5000,0.5000,1,4,-0.3059,1.2630,1.0070,0.8964,0.9980,0.9989,-6.0092
palette-rich,high,a1.0_t0.10_aq0.5_zb0.5_r2,1.0000,0.1000,0.5000,0.5000,2,4,-0.3059,1.2630,1.0070,0.9915,0.9980,0.9989,-6.0092
palette-rich,high,a1.0_t0.10_aq1.0_zb0.3_r1,1.0000,0.1000,1.0000,0.3000,1,4,-0.3059,1.2630,1.0070,0.9610,0.9980,0.9989,-6.0092
palette-rich,high,a1.0_t0.10_aq1.0_zb0.3_r2,1.0000,0.1000,1.0000,0.3000,2,4,-0.3059,1.2630,1.0070,1.0598,0.9980,0.9989,-6.0092
palette-rich,high,a1.0_t0.10_aq1.0_zb0.5_r1,1.0000,0.1000,1.0000,0.5000,1,4,-0.3059,1.2630,1.0070,0.8909,0.9980,0.9989,-6.0092
palette-rich,high,a1.0_t0.10_aq1.0_zb0.5_r2,1.0000,0.1000,1.0000,0.5000,2,4,-0.3059,1.2630,1.0070,0.8732,0.9980,0.9989,-6.0092
palette-rich,high,a2.0_t0.10_aq0.5_zb0.3_r1,2.0000,0.1000,0.5000,0.3000,1,4,0.7481,1.6686,1.0080,0.8696,0.9984,0.9994,-9.0909
palette-rich,high,a2.0_t0.10_aq0.5_zb0.3_r2,2.0000,0.1000,0.5000,0.3000,2,4,0.7481,1.6686,1.0080,1.1720,0.9984,0.9994,-9.0909
palette-rich,high,a2.0_t0.10_aq0.5_zb0.5_r1,2.0000,0.1000,0.5000,0.5000,1,4,0.7481,1.6686,1.0080,0.9408,0.9984,0.9994,-9.0909
palette-rich,high,a2.0_t0.10_aq0.5_zb0.5_r2,2.0000,0.1000,0.5000,0.5000,2,4,0.7481,1.6686,1.0080,0.9655,0.9984,0.9994,-9.0909
palette-rich,high,a2.0_t0.10_aq1.0_zb0.3_r1,2.0000,0.1000,1.0000,0.3000,1,4,0.7481,1.6686,1.0080,0.8913,0.9984,0.9994,-9.0909
palette-rich,high,a2.0_t0.10_aq1.0_zb0.3_r2,2.0000,0.1000,1.0000,0.3000,2,4,0.7481,1.6686,1.0080,0.8948,0.9984,0.9994,-9.0909
palette-rich,high,a2.0_t0.10_aq1.0_zb0.5_r1,2.0000,0.1000,1.0000,0.5000,1,4,0.7481,1.6686,1.0080,1.1417,0.9984,0.9994,-9.0909
palette-rich,high,a2.0_t0.10_aq1.0_zb0.5_r2,2.0000,0.1000,1.0000,0.5000,2,4,0.7481,1.6686,1.0080,0.9750,0.9984,0.9994,-9.0909
palette-rich,high,a2.0_t0.02_aq0.5_zb0.3_r1,2.0000,0.0200,0.5000,0.3000,1,4,0.7631,1.6789,1.0085,0.8769,0.9983,0.9993,-9.1576
palette-rich,high,a2.0_t0.02_aq0.5_zb0.3_r2,2.0000,0.0200,0.5000,0.3000,2,4,0.7631,1.6789,1.0085,0.9132,0.9983,0.9993,-9.1576
palette-rich,high,a2.0_t0.02_aq0.5_zb0.5_r1,2.0000,0.0200,0.5000,0.5000,1,4,0.7631,1.6789,1.0085,0.8655,0.9983,0.9993,-9.1576
palette-rich,high,a2.0_t0.02_aq0.5_zb0.5_r2,2.0000,0.0200,0.5000,0.5000,2,4,0.7631,1.6789,1.0085,0.9288,0.9983,0.9993,-9.1576
palette-rich,high,a2.0_t0.02_aq1.0_zb0.3_r1,2.0000,0.0200,1.0000,0.3000,1,4,0.7631,1.6789,1.0085,0.9394,0.9983,0.9993,-9.1576
palette-rich,high,a2.0_t0.02_aq1.0_zb0.3_r2,2.0000,0.0200,1.0000,0.3000,2,4,0.7631,1.6789,1.0085,0.9349,0.9983,0.9993,-9.1576
palette-rich,high,a2.0_t0.02_aq1.0_zb0.5_r1,2.0000,0.0200,1.0000,0.5000,1,4,0.7631,1.6789,1.0085,0.9311,0.9983,0.9993,-9.1576
palette-rich,high,a2.0_t0.02_aq1.0_zb0.5_r2,2.0000,0.0200,1.0000,0.5000,2,4,0.7631,1.6789,1.0085,0.8769,0.9983,0.9993,-9.1576
palette-rich,high,a1.0_t0.02_aq0.5_zb0.3_r1,1.0000,0.0200,0.5000,0.3000,1,4,0.7570,1.6967,1.0085,0.9777,0.9981,0.9993,-9.2406
palette-rich,high,a1.0_t0.02_aq0.5_zb0.3_r2,1.0000,0.0200,0.5000,0.3000,2,4,0.7570,1.6967,1.0085,1.1742,0.9981,0.9993,-9.2406
palette-rich,high,a1.0_t0.02_aq0.5_zb0.5_r1,1.0000,0.0200,0.5000,0.5000,1,4,0.7570,1.6967,1.0085,0.8603,0.9981,0.9993,-9.2406
palette-rich,high,a1.0_t0.02_aq0.5_zb0.5_r2,1.0000,0.0200,0.5000,0.5000,2,4,0.7570,1.6967,1.0085,0.9196,0.9981,0.9993,-9.2406
palette-rich,high,a1.0_t0.02_aq1.0_zb0.3_r1,1.0000,0.0200,1.0000,0.3000,1,4,0.7570,1.6967,1.0085,0.9263,0.9981,0.9993,-9.2406
palette-rich,high,a1.0_t0.02_aq1.0_zb0.3_r2,1.0000,0.0200,1.0000,0.3000,2,4,0.7570,1.6967,1.0085,0.8978,0.9981,0.9993,-9.2406
palette-rich,high,a1.0_t0.02_aq1.0_zb0.5_r1,1.0000,0.0200,1.0000,0.5000,1,4,0.7570,1.6967,1.0085,0.8808,0.9981,0.9993,-9.2406
palette-rich,high,a1.0_t0.02_aq1.0_zb0.5_r2,1.0000,0.0200,1.0000,0.5000,2,4,0.7570,1.6967,1.0085,0.9232,0.9981,0.9993,-9.2406
screencontent,low,a1.0_t0.10_aq0.5_zb1.0_r1,1.0000,0.1000,0.5000,1.0000,1,4,-5.0023,0.7459,1.0416,1.4726,0.8765,0.9727,1.2727
screencontent,low,a1.0_t0.02_aq0.5_zb1.0_r1,1.0000,0.0200,0.5000,1.0000,1,4,-4.9972,0.7557,1.0416,1.4719,0.8766,0.9727,1.2189
screencontent,low,a2.0_t0.10_aq0.5_zb1.0_r1,2.0000,0.1000,0.5000,1.0000,1,4,-5.4106,1.0243,1.0394,1.4541,0.8743,0.9802,0.2889
screencontent,low,a2.0_t0.02_aq0.5_zb1.0_r1,2.0000,0.0200,0.5000,1.0000,1,4,-5.4101,1.0247,1.0394,1.4856,0.8743,0.9802,0.2865
screencontent,low,a1.0_t0.10_aq0.5_zb1.0_r2,1.0000,0.1000,0.5000,1.0000,2,4,-6.7060,1.9400,1.0657,1.7141,0.8239,0.9648,-2.9942
screencontent,low,a1.0_t0.02_aq0.5_zb1.0_r2,1.0000,0.0200,0.5000,1.0000,2,4,-6.7036,1.9414,1.0657,1.6957,0.8239,0.9647,-3.0036
screencontent,low,a2.0_t0.02_aq0.5_zb1.0_r2,2.0000,0.0200,0.5000,1.0000,2,4,-7.3989,2.1706,1.0630,1.7666,0.8195,0.9724,-3.4539
screencontent,low,a2.0_t0.10_aq0.5_zb1.0_r2,2.0000,0.1000,0.5000,1.0000,2,4,-7.3989,2.1712,1.0630,1.6102,0.8195,0.9724,-3.4572
screencontent,low,a2.0_t0.02_aq1.0_zb0.5_r1,2.0000,0.0200,1.0000,0.5000,1,4,-5.8771,7.7349,1.1186,1.5048,0.7679,0.9727,-32.7972
screencontent,low,a2.0_t0.02_aq1.0_zb0.5_r2,2.0000,0.0200,1.0000,0.5000,2,4,-5.8771,7.7349,1.1186,1.7449,0.7679,0.9727,-32.7972
screencontent,low,a2.0_t0.10_aq1.0_zb0.5_r1,2.0000,0.1000,1.0000,0.5000,1,4,-5.8771,7.7349,1.1186,1.4287,0.7679,0.9727,-32.7972
screencontent,low,a2.0_t0.10_aq1.0_zb0.5_r2,2.0000,0.1000,1.0000,0.5000,2,4,-5.8771,7.7349,1.1186,1.6592,0.7679,0.9727,-32.7972
screencontent,low,a1.0_t0.10_aq1.0_zb0.5_r1,1.0000,0.1000,1.0000,0.5000,1,4,-4.9215,7.9361,1.1230,1.4564,0.7727,0.9708,-34.7592
screencontent,low,a1.0_t0.10_aq1.0_zb0.5_r2,1.0000,0.1000,1.0000,0.5000,2,4,-4.9215,7.9361,1.1230,1.7727,0.7727,0.9708,-34.7592
screencontent,low,a1.0_t0.02_aq1.0_zb0.5_r1,1.0000,0.0200,1.0000,0.5000,1,4,-4.9072,7.9398,1.1231,1.4521,0.7728,0.9708,-34.7916
screencontent,low,a1.0_t0.02_aq1.0_zb0.5_r2,1.0000,0.0200,1.0000,0.5000,2,4,-4.9072,7.9398,1.1231,1.6217,0.7728,0.9708,-34.7916
screencontent,low,a2.0_t0.02_aq0.5_zb0.3_r1,2.0000,0.0200,0.5000,0.3000,1,4,-5.6321,8.1207,1.1236,1.4515,0.7661,0.9725,-34.9714
screencontent,low,a2.0_t0.02_aq0.5_zb0.3_r2,2.0000,0.0200,0.5000,0.3000,2,4,-5.6321,8.1207,1.1236,1.6209,0.7661,0.9725,-34.9714
screencontent,low,a2.0_t0.02_aq0.5_zb0.5_r1,2.0000,0.0200,0.5000,0.5000,1,4,-5.6321,8.1207,1.1236,1.4514,0.7661,0.9725,-34.9714
screencontent,low,a2.0_t0.02_aq0.5_zb0.5_r2,2.0000,0.0200,0.5000,0.5000,2,4,-5.6321,8.1207,1.1236,1.6243,0.7661,0.9725,-34.9714
screencontent,low,a2.0_t0.02_aq1.0_zb0.3_r1,2.0000,0.0200,1.0000,0.3000,1,4,-5.6321,8.1207,1.1236,1.4809,0.7661,0.9725,-34.9714
screencontent,low,a2.0_t0.02_aq1.0_zb0.3_r2,2.0000,0.0200,1.0000,0.3000,2,4,-5.6321,8.1207,1.1236,1.7345,0.7661,0.9725,-34.9714
screencontent,low,a2.0_t0.10_aq0.5_zb0.3_r1,2.0000,0.1000,0.5000,0.3000,1,4,-5.6321,8.1207,1.1236,1.4694,0.7661,0.9725,-34.9714
screencontent,low,a2.0_t0.10_aq0.5_zb0.3_r2,2.0000,0.1000,0.5000,0.3000,2,4,-5.6321,8.1207,1.1236,1.6368,0.7661,0.9725,-34.9714
screencontent,low,a2.0_t0.10_aq0.5_zb0.5_r1,2.0000,0.1000,0.5000,0.5000,1,4,-5.6321,8.1207,1.1236,1.4429,0.7661,0.9725,-34.9714
screencontent,low,a2.0_t0.10_aq0.5_zb0.5_r2,2.0000,0.1000,0.5000,0.5000,2,4,-5.6321,8.1207,1.1236,1.6818,0.7661,0.9725,-34.9714
screencontent,low,a2.0_t0.10_aq1.0_zb0.3_r1,2.0000,0.1000,1.0000,0.3000,1,4,-5.6321,8.1207,1.1236,1.4698,0.7661,0.9725,-34.9714
screencontent,low,a2.0_t0.10_aq1.0_zb0.3_r2,2.0000,0.1000,1.0000,0.3000,2,4,-5.6321,8.1207,1.1236,1.7679,0.7661,0.9725,-34.9714
screencontent,low,a1.0_t0.10_aq0.5_zb0.3_r1,1.0000,0.1000,0.5000,0.3000,1,4,-4.6678,8.3577,1.1285,1.4379,0.7712,0.9708,-37.1206
screencontent,low,a1.0_t0.10_aq0.5_zb0.3_r2,1.0000,0.1000,0.5000,0.3000,2,4,-4.6678,8.3577,1.1285,1.7610,0.7712,0.9708,-37.1206
screencontent,low,a1.0_t0.10_aq0.5_zb0.5_r1,1.0000,0.1000,0.5000,0.5000,1,4,-4.6678,8.3577,1.1285,1.4644,0.7712,0.9708,-37.1206
screencontent,low,a1.0_t0.10_aq0.5_zb0.5_r2,1.0000,0.1000,0.5000,0.5000,2,4,-4.6678,8.3577,1.1285,1.6428,0.7712,0.9708,-37.1206
screencontent,low,a1.0_t0.10_aq1.0_zb0.3_r1,1.0000,0.1000,1.0000,0.3000,1,4,-4.6678,8.3577,1.1285,1.4391,0.7712,0.9708,-37.1206
screencontent,low,a1.0_t0.10_aq1.0_zb0.3_r2,1.0000,0.1000,1.0000,0.3000,2,4,-4.6678,8.3577,1.1285,1.6226,0.7712,0.9708,-37.1206
screencontent,low,a1.0_t0.02_aq0.5_zb0.3_r1,1.0000,0.0200,0.5000,0.3000,1,4,-4.6537,8.3622,1.1285,1.4612,0.7713,0.9708,-37.1576
screencontent,low,a1.0_t0.02_aq0.5_zb0.3_r2,1.0000,0.0200,0.5000,0.3000,2,4,-4.6537,8.3622,1.1285,1.6501,0.7713,0.9708,-37.1576
screencontent,low,a1.0_t0.02_aq0.5_zb0.5_r1,1.0000,0.0200,0.5000,0.5000,1,4,-4.6537,8.3622,1.1285,1.4550,0.7713,0.9708,-37.1576
screencontent,low,a1.0_t0.02_aq0.5_zb0.5_r2,1.0000,0.0200,0.5000,0.5000,2,4,-4.6537,8.3622,1.1285,1.6980,0.7713,0.9708,-37.1576
screencontent,low,a1.0_t0.02_aq1.0_zb0.3_r1,1.0000,0.0200,1.0000,0.3000,1,4,-4.6537,8.3622,1.1285,1.4835,0.7713,0.9708,-37.1576
screencontent,low,a1.0_t0.02_aq1.0_zb0.3_r2,1.0000,0.0200,1.0000,0.3000,2,4,-4.6537,8.3622,1.1285,1.6637,0.7713,0.9708,-37.1576
screencontent,mid,a2.0_t0.02_aq0.5_zb1.0_r1,2.0000,0.0200,0.5000,1.0000,1,4,-4.2323,1.1044,1.0373,1.4488,0.8300,0.9760,-1.2897
screencontent,mid,a2.0_t0.10_aq0.5_zb1.0_r1,2.0000,0.1000,0.5000,1.0000,1,4,-4.2307,1.1087,1.0373,1.4249,0.8300,0.9760,-1.3130
screencontent,mid,a1.0_t0.10_aq0.5_zb1.0_r1,1.0000,0.1000,0.5000,1.0000,1,4,-4.0778,1.0895,1.0385,1.4489,0.8302,0.9748,-1.3698
screencontent,mid,a1.0_t0.02_aq0.5_zb1.0_r1,1.0000,0.0200,0.5000,1.0000,1,4,-4.0735,1.1030,1.0386,1.4726,0.8301,0.9749,-1.4415
screencontent,mid,a2.0_t0.02_aq0.5_zb1.0_r2,2.0000,0.0200,0.5000,1.0000,2,4,-5.4004,1.8327,1.0584,1.7178,0.7513,0.9645,-3.7629
screencontent,mid,a2.0_t0.10_aq0.5_zb1.0_r2,2.0000,0.1000,0.5000,1.0000,2,4,-5.3995,1.8430,1.0584,1.5824,0.7513,0.9646,-3.8157
screencontent,mid,a1.0_t0.10_aq0.5_zb1.0_r2,1.0000,0.1000,0.5000,1.0000,2,4,-5.0915,1.9355,1.0602,1.6594,0.7535,0.9641,-4.5860
screencontent,mid,a1.0_t0.02_aq0.5_zb1.0_r2,1.0000,0.0200,0.5000,1.0000,2,4,-5.0914,1.9426,1.0603,1.6384,0.7533,0.9642,-4.6218
screencontent,mid,a2.0_t0.10_aq1.0_zb0.5_r1,2.0000,0.1000,1.0000,0.5000,1,4,-3.5246,5.9195,1.1019,1.4182,0.6764,0.9640,-26.0729
screencontent,mid,a2.0_t0.10_aq1.0_zb0.5_r2,2.0000,0.1000,1.0000,0.5000,2,4,-3.5246,5.9195,1.1019,1.6752,0.6764,0.9640,-26.0729
screencontent,mid,a2.0_t0.02_aq1.0_zb0.5_r1,2.0000,0.0200,1.0000,0.5000,1,4,-3.5246,5.9216,1.1020,1.4848,0.6764,0.9640,-26.0836
screencontent,mid,a2.0_t0.02_aq1.0_zb0.5_r2,2.0000,0.0200,1.0000,0.5000,2,4,-3.5246,5.9216,1.1020,1.6837,0.6764,0.9640,-26.0836
screencontent,mid,a1.0_t0.10_aq1.0_zb0.5_r1,1.0000,0.1000,1.0000,0.5000,1,4,-3.3344,5.9285,1.1041,1.4362,0.6762,0.9622,-26.3083
screencontent,mid,a1.0_t0.10_aq1.0_zb0.5_r2,1.0000,0.1000,1.0000,0.5000,2,4,-3.3344,5.9285,1.1041,1.6829,0.6762,0.9622,-26.3083
screencontent,mid,a1.0_t0.02_aq1.0_zb0.5_r1,1.0000,0.0200,1.0000,0.5000,1,4,-3.3328,5.9513,1.1042,1.4761,0.6761,0.9623,-26.4237
screencontent,mid,a1.0_t0.02_aq1.0_zb0.5_r2,1.0000,0.0200,1.0000,0.5000,2,4,-3.3328,5.9513,1.1042,1.7222,0.6761,0.9623,-26.4237
screencontent,mid,a2.0_t0.02_aq0.5_zb0.5_r1,2.0000,0.0200,0.5000,0.5000,1,4,-3.3479,6.2796,1.1064,1.4520,0.6728,0.9631,-28.0503
screencontent,mid,a2.0_t0.10_aq0.5_zb0.5_r1,2.0000,0.1000,0.5000,0.5000,1,4,-3.3479,6.2804,1.1063,1.4507,0.6728,0.9632,-28.0543
screencontent,mid,a2.0_t0.02_aq0.5_zb0.3_r1,2.0000,0.0200,0.5000,0.3000,1,4,-3.3338,6.2916,1.1065,1.4671,0.6727,0.9631,-28.1242
screencontent,mid,a2.0_t0.02_aq0.5_zb0.3_r2,2.0000,0.0200,0.5000,0.3000,2,4,-3.3338,6.2916,1.1065,1.5872,0.6727,0.9631,-28.1242
screencontent,mid,a2.0_t0.02_aq0.5_zb0.5_r2,2.0000,0.0200,0.5000,0.5000,2,4,-3.3338,6.2916,1.1065,1.6206,0.6727,0.9631,-28.1242
screencontent,mid,a2.0_t0.02_aq1.0_zb0.3_r1,2.0000,0.0200,1.0000,0.3000,1,4,-3.3338,6.2916,1.1065,1.4606,0.6727,0.9631,-28.1242
screencontent,mid,a2.0_t0.02_aq1.0_zb0.3_r2,2.0000,0.0200,1.0000,0.3000,2,4,-3.3338,6.2916,1.1065,1.6982,0.6727,0.9631,-28.1242
screencontent,mid,a2.0_t0.10_aq0.5_zb0.3_r1,2.0000,0.1000,0.5000,0.3000,1,4,-3.3338,6.2924,1.1064,1.4449,0.6727,0.9632,-28.1282
screencontent,mid,a2.0_t0.10_aq0.5_zb0.3_r2,2.0000,0.1000,0.5000,0.3000,2,4,-3.3338,6.2924,1.1064,1.6506,0.6727,0.9632,-28.1282
screencontent,mid,a2.0_t0.10_aq0.5_zb0.5_r2,2.0000,0.1000,0.5000,0.5000,2,4,-3.3338,6.2924,1.1064,1.6460,0.6727,0.9632,-28.1282
screencontent,mid,a2.0_t0.10_aq1.0_zb0.3_r1,2.0000,0.1000,1.0000,0.3000,1,4,-3.3338,6.2924,1.1064,1.4501,0.6727,0.9632,-28.1282
screencontent,mid,a2.0_t0.10_aq1.0_zb0.3_r2,2.0000,0.1000,1.0000,0.3000,2,4,-3.3338,6.2924,1.1064,1.6809,0.6727,0.9632,-28.1282
screencontent,mid,a1.0_t0.02_aq0.5_zb0.3_r1,1.0000,0.0200,0.5000,0.3000,1,4,-3.1938,6.3570,1.1092,1.4340,0.6720,0.9614,-28.5911
screencontent,mid,a1.0_t0.02_aq0.5_zb0.3_r2,1.0000,0.0200,0.5000,0.3000,2,4,-3.1938,6.3570,1.1092,1.6198,0.6720,0.9614,-28.5911
screencontent,mid,a1.0_t0.02_aq0.5_zb0.5_r2,1.0000,0.0200,0.5000,0.5000,2,4,-3.1938,6.3570,1.1092,1.6403,0.6720,0.9614,-28.5911
screencontent,mid,a1.0_t0.02_aq1.0_zb0.3_r1,1.0000,0.0200,1.0000,0.3000,1,4,-3.1938,6.3570,1.1092,1.4614,0.6720,0.9614,-28.5911
screencontent,mid,a1.0_t0.02_aq1.0_zb0.3_r2,1.0000,0.0200,1.0000,0.3000,2,4,-3.1938,6.3570,1.1092,1.6777,0.6720,0.9614,-28.5911
screencontent,mid,a1.0_t0.10_aq0.5_zb0.3_r1,1.0000,0.1000,0.5000,0.3000,1,4,-3.1936,6.3622,1.1091,1.4425,0.6722,0.9614,-28.6173
screencontent,mid,a1.0_t0.10_aq0.5_zb0.3_r2,1.0000,0.1000,0.5000,0.3000,2,4,-3.1936,6.3622,1.1091,1.6879,0.6722,0.9614,-28.6173
screencontent,mid,a1.0_t0.10_aq0.5_zb0.5_r2,1.0000,0.1000,0.5000,0.5000,2,4,-3.1936,6.3622,1.1091,1.6278,0.6722,0.9614,-28.6173
screencontent,mid,a1.0_t0.10_aq1.0_zb0.3_r1,1.0000,0.1000,1.0000,0.3000,1,4,-3.1936,6.3622,1.1091,1.4421,0.6722,0.9614,-28.6173
screencontent,mid,a1.0_t0.10_aq1.0_zb0.3_r2,1.0000,0.1000,1.0000,0.3000,2,4,-3.1936,6.3622,1.1091,1.6371,0.6722,0.9614,-28.6173
screencontent,mid,a1.0_t0.02_aq0.5_zb0.5_r1,1.0000,0.0200,0.5000,0.5000,1,4,-3.1740,6.3597,1.1092,1.4544,0.6721,0.9614,-28.6246
screencontent,mid,a1.0_t0.10_aq0.5_zb0.5_r1,1.0000,0.1000,0.5000,0.5000,1,4,-3.1737,6.3649,1.1091,1.4477,0.6722,0.9614,-28.6509
screencontent,high,a2.0_t0.02_aq0.5_zb1.0_r2,2.0000,0.0200,0.5000,1.0000,2,4,-6.8341,-0.4099,1.0267,1.4570,0.7879,0.9708,6.8341
screencontent,high,a1.0_t0.02_aq0.5_zb1.0_r2,1.0000,0.0200,0.5000,1.0000,2,4,-6.7632,-0.4346,1.0261,1.4376,0.7891,0.9711,6.7632
screencontent,high,a2.0_t0.10_aq0.5_zb1.0_r2,2.0000,0.1000,0.5000,1.0000,2,4,-6.5203,-0.2863,1.0215,1.3509,0.7962,0.9743,6.5203
screencontent,high,a1.0_t0.10_aq0.5_zb1.0_r2,1.0000,0.1000,0.5000,1.0000,2,4,-5.8480,0.0397,1.0200,1.3934,0.8031,0.9768,5.6494
screencontent,high,a2.0_t0.02_aq0.5_zb1.0_r1,2.0000,0.0200,0.5000,1.0000,1,4,-4.4668,-0.3034,1.0186,1.3082,0.8490,0.9795,4.4668
screencontent,high,a1.0_t0.02_aq0.5_zb1.0_r1,1.0000,0.0200,0.5000,1.0000,1,4,-4.4217,-0.2146,1.0180,1.3182,0.8505,0.9802,4.4217
screencontent,high,a2.0_t0.10_aq0.5_zb1.0_r1,2.0000,0.1000,0.5000,1.0000,1,4,-4.2869,-0.1579,1.0148,1.3156,0.8548,0.9821,4.2869
screencontent,high,a1.0_t0.10_aq0.5_zb1.0_r1,1.0000,0.1000,0.5000,1.0000,1,4,-3.9238,-0.0509,1.0138,1.3562,0.8598,0.9832,3.9238
screencontent,high,a2.0_t0.02_aq1.0_zb0.5_r1,2.0000,0.0200,1.0000,0.5000,1,4,-8.1208,1.0082,1.0426,1.3478,0.7334,0.9687,3.0800
screencontent,high,a2.0_t0.02_aq1.0_zb0.5_r2,2.0000,0.0200,1.0000,0.5000,2,4,-8.1208,1.0082,1.0426,1.4647,0.7334,0.9687,3.0800
screencontent,high,a1.0_t0.02_aq1.0_zb0.5_r1,1.0000,0.0200,1.0000,0.5000,1,4,-8.0432,1.1010,1.0417,1.3237,0.7347,0.9696,2.5379
screencontent,high,a1.0_t0.02_aq1.0_zb0.5_r2,1.0000,0.0200,1.0000,0.5000,2,4,-8.0432,1.1010,1.0417,1.3725,0.7347,0.9696,2.5379
screencontent,high,a2.0_t0.02_aq0.5_zb0.3_r1,2.0000,0.0200,0.5000,0.3000,1,4,-8.3382,1.2761,1.0449,1.3307,0.7284,0.9683,1.9576
screencontent,high,a2.0_t0.02_aq0.5_zb0.3_r2,2.0000,0.0200,0.5000,0.3000,2,4,-8.3382,1.2761,1.0449,1.3796,0.7284,0.9683,1.9576
screencontent,high,a2.0_t0.02_aq1.0_zb0.3_r1,2.0000,0.0200,1.0000,0.3000,1,4,-8.3382,1.2761,1.0449,1.3690,0.7284,0.9683,1.9576
screencontent,high,a2.0_t0.02_aq1.0_zb0.3_r2,2.0000,0.0200,1.0000,0.3000,2,4,-8.3382,1.2761,1.0449,1.4473,0.7284,0.9683,1.9576
screencontent,high,a1.0_t0.02_aq0.5_zb0.5_r1,1.0000,0.0200,0.5000,0.5000,1,4,-8.2897,1.2863,1.0438,1.3326,0.7299,0.9691,1.8583
screencontent,high,a2.0_t0.02_aq0.5_zb0.5_r1,2.0000,0.0200,0.5000,0.5000,1,4,-8.3395,1.2978,1.0449,1.3093,0.7284,0.9685,1.8505
screencontent,high,a2.0_t0.02_aq0.5_zb0.5_r2,2.0000,0.0200,0.5000,0.5000,2,4,-8.3417,1.3008,1.0450,1.3917,0.7284,0.9685,1.8380
screencontent,high,a1.0_t0.02_aq0.5_zb0.5_r2,1.0000,0.0200,0.5000,0.5000,2,4,-8.2933,1.2934,1.0438,1.4889,0.7299,0.9691,1.8265
screencontent,high,a1.0_t0.02_aq0.5_zb0.3_r1,1.0000,0.0200,0.5000,0.3000,1,4,-8.2907,1.2931,1.0438,1.3052,0.7299,0.9691,1.8253
screencontent,high,a1.0_t0.02_aq0.5_zb0.3_r2,1.0000,0.0200,0.5000,0.3000,2,4,-8.2907,1.2931,1.0438,1.4090,0.7299,0.9691,1.8253
screencontent,high,a1.0_t0.02_aq1.0_zb0.3_r1,1.0000,0.0200,1.0000,0.3000,1,4,-8.2907,1.2931,1.0438,1.3323,0.7299,0.9691,1.8253
screencontent,high,a1.0_t0.02_aq1.0_zb0.3_r2,1.0000,0.0200,1.0000,0.3000,2,4,-8.2907,1.2931,1.0438,1.4495,0.7299,0.9691,1.8253
screencontent,high,a2.0_t0.10_aq1.0_zb0.5_r1,2.0000,0.1000,1.0000,0.5000,1,4,-7.6910,1.2887,1.0359,1.2885,0.7427,0.9732,1.2473
screencontent,high,a2.0_t0.10_aq1.0_zb0.5_r2,2.0000,0.1000,1.0000,0.5000,2,4,-7.6910,1.2887,1.0359,1.4215,0.7427,0.9732,1.2473
screencontent,high,a2.0_t0.10_aq0.5_zb0.5_r2,2.0000,0.1000,0.5000,0.5000,2,4,-7.9027,1.4984,1.0377,1.4599,0.7383,0.9728,0.4107
screencontent,high,a2.0_t0.10_aq0.5_zb0.3_r1,2.0000,0.1000,0.5000,0.3000,1,4,-7.8995,1.4981,1.0377,1.3228,0.7383,0.9728,0.4092
screencontent,high,a2.0_t0.10_aq0.5_zb0.3_r2,2.0000,0.1000,0.5000,0.3000,2,4,-7.8995,1.4981,1.0377,1.3769,0.7383,0.9728,0.4092
screencontent,high,a2.0_t0.10_aq1.0_zb0.3_r1,2.0000,0.1000,1.0000,0.3000,1,4,-7.8995,1.4981,1.0377,1.2900,0.7383,0.9728,0.4092
screencontent,high,a2.0_t0.10_aq1.0_zb0.3_r2,2.0000,0.1000,1.0000,0.3000,2,4,-7.8995,1.4981,1.0377,1.4823,0.7383,0.9728,0.4092
screencontent,high,a2.0_t0.10_aq0.5_zb0.5_r1,2.0000,0.1000,0.5000,0.5000,1,4,-7.8910,1.5044,1.0377,1.2987,0.7384,0.9728,0.3690
screencontent,high,a1.0_t0.10_aq1.0_zb0.5_r1,1.0000,0.1000,1.0000,0.5000,1,4,-6.8429,1.5508,1.0336,1.2852,0.7513,0.9757,-0.9109
screencontent,high,a1.0_t0.10_aq1.0_zb0.5_r2,1.0000,0.1000,1.0000,0.5000,2,4,-6.8429,1.5508,1.0336,1.4068,0.7513,0.9757,-0.9109
screencontent,high,a1.0_t0.10_aq0.5_zb0.5_r1,1.0000,0.1000,0.5000,0.5000,1,4,-6.9578,1.7677,1.0352,1.3214,0.7476,0.9757,-1.8807
screencontent,high,a1.0_t0.10_aq0.5_zb0.5_r2,1.0000,0.1000,0.5000,0.5000,2,4,-6.9662,1.7718,1.0352,1.3559,0.7476,0.9757,-1.8930
screencontent,high,a1.0_t0.10_aq0.5_zb0.3_r1,1.0000,0.1000,0.5000,0.3000,1,4,-6.9562,1.7786,1.0352,1.2942,0.7476,0.9757,-1.9365
screencontent,high,a1.0_t0.10_aq0.5_zb0.3_r2,1.0000,0.1000,0.5000,0.3000,2,4,-6.9562,1.7786,1.0352,1.4261,0.7476,0.9757,-1.9365
screencontent,high,a1.0_t0.10_aq1.0_zb0.3_r1,1.0000,0.1000,1.0000,0.3000,1,4,-6.9562,1.7786,1.0352,1.3052,0.7476,0.9757,-1.9365
screencontent,high,a1.0_t0.10_aq1.0_zb0.3_r2,1.0000,0.1000,1.0000,0.3000,2,4,-6.9562,1.7786,1.0352,1.3536,0.7476,0.9757,-1.9365
