class_bucket,q_range,config,alpha,threshold,shrink,retries,above,n_images,bd_bbs,bd_ssim2,bytes_ratio,encode_ms_ratio,bbs_ratio,ssim2_dist_ratio,composite_score
screenshot,low,a0.5_t0.10_s0.5_r1_ab1,0.50,0.1000,0.50,1,1,13,-3.6445,+0.2969,1.0300,1.404,0.9053,0.9797,2.1598
screenshot,low,a0.5_t0.05_s0.5_r1_ab1,0.50,0.0500,0.50,1,1,13,-3.6414,+0.3040,1.0303,1.363,0.9053,0.9798,2.1213
screenshot,low,a0.5_t0.02_s0.5_r1_ab1,0.50,0.0200,0.50,1,1,13,-3.6407,+0.3049,1.0303,1.346,0.9053,0.9798,2.1162
screenshot,low,a0.5_t0.20_s0.5_r1_ab1,0.50,0.2000,0.50,1,1,13,-3.6488,+0.3322,1.0299,1.472,0.9055,0.9799,1.9880
screenshot,low,a1.0_t0.20_s0.5_r1_ab1,1.00,0.2000,0.50,1,1,13,-3.9563,+0.4703,1.0286,1.300,0.9030,0.9824,1.6047
screenshot,low,a1.0_t0.10_s0.5_r1_ab1,1.00,0.1000,0.50,1,1,13,-3.9496,+0.4736,1.0287,1.290,0.9029,0.9824,1.5816
screenshot,low,a1.0_t0.05_s0.5_r1_ab1,1.00,0.0500,0.50,1,1,13,-3.9433,+0.4845,1.0289,1.286,0.9029,0.9825,1.5206
screenshot,low,a1.0_t0.02_s0.5_r1_ab1,1.00,0.0200,0.50,1,1,13,-3.9427,+0.4849,1.0290,1.329,0.9029,0.9825,1.5181
screenshot,low,a2.0_t0.10_s0.7_r1_ab0,2.00,0.1000,0.70,1,0,13,-2.2304,+0.1686,1.0133,1.281,0.9480,0.9915,1.3876
screenshot,low,a2.0_t0.05_s0.7_r1_ab0,2.00,0.0500,0.70,1,0,13,-2.2272,+0.1689,1.0134,1.261,0.9480,0.9914,1.3827
screenshot,low,a2.0_t0.02_s0.7_r1_ab0,2.00,0.0200,0.70,1,0,13,-2.2269,+0.1692,1.0134,1.264,0.9480,0.9914,1.3807
screenshot,low,a1.0_t0.05_s0.7_r1_ab0,1.00,0.0500,0.70,1,0,13,-2.1602,+0.1650,1.0137,1.263,0.9483,0.9914,1.3352
screenshot,low,a1.0_t0.02_s0.7_r1_ab0,1.00,0.0200,0.70,1,0,13,-2.1587,+0.1662,1.0137,1.254,0.9483,0.9914,1.3277
screenshot,low,a1.0_t0.10_s0.7_r1_ab0,1.00,0.1000,0.70,1,0,13,-2.1556,+0.1731,1.0137,1.257,0.9483,0.9915,1.2902
screenshot,low,a2.0_t0.05_s0.7_r2_ab0,2.00,0.0500,0.70,2,0,13,-3.5129,+0.4446,1.0245,1.450,0.9146,0.9863,1.2897
screenshot,low,a2.0_t0.10_s0.7_r2_ab0,2.00,0.1000,0.70,2,0,13,-3.5111,+0.4447,1.0245,1.440,0.9147,0.9863,1.2875
screenshot,low,a1.0_t0.20_s0.7_r1_ab0,1.00,0.2000,0.70,1,0,13,-2.1592,+0.1783,1.0135,1.266,0.9488,0.9915,1.2674
screenshot,low,a1.0_t0.20_s0.7_r2_ab0,1.00,0.2000,0.70,2,0,13,-3.4165,+0.4300,1.0247,1.422,0.9158,0.9861,1.2667
screenshot,low,a2.0_t0.02_s0.7_r2_ab0,2.00,0.0200,0.70,2,0,13,-3.5123,+0.4496,1.0245,1.426,0.9146,0.9864,1.2641
screenshot,low,a2.0_t0.10_s0.5_r1_ab1,2.00,0.1000,0.50,1,1,13,-4.2156,+0.6105,1.0275,1.313,0.9014,0.9848,1.1632
screenshot,low,a2.0_t0.05_s0.5_r1_ab1,2.00,0.0500,0.50,1,1,13,-4.2153,+0.6107,1.0275,1.278,0.9014,0.9848,1.1616
screenshot,low,a2.0_t0.02_s0.5_r1_ab1,2.00,0.0200,0.50,1,1,13,-4.2152,+0.6108,1.0275,1.293,0.9014,0.9848,1.1614
screenshot,low,a0.5_t0.05_s0.7_r1_ab0,0.50,0.0500,0.70,1,0,13,-2.0405,+0.1900,1.0142,1.346,0.9490,0.9912,1.0906
screenshot,low,a0.5_t0.10_s0.7_r1_ab0,0.50,0.1000,0.70,1,0,13,-2.0421,+0.1906,1.0141,1.333,0.9492,0.9913,1.0889
screenshot,low,a1.0_t0.10_s0.7_r2_ab0,1.00,0.1000,0.70,2,0,13,-3.4075,+0.4677,1.0250,1.439,0.9150,0.9861,1.0690
screenshot,low,a0.5_t0.02_s0.7_r1_ab0,0.50,0.0200,0.70,1,0,13,-2.0356,+0.1987,1.0142,1.352,0.9490,0.9912,1.0419
screenshot,low,a0.5_t0.20_s0.7_r1_ab0,0.50,0.2000,0.70,1,0,13,-2.0335,+0.1993,1.0138,1.283,0.9500,0.9917,1.0369
screenshot,low,a1.0_t0.05_s0.7_r2_ab0,1.00,0.0500,0.70,2,0,13,-3.3966,+0.4750,1.0253,1.426,0.9149,0.9860,1.0214
screenshot,low,a1.0_t0.02_s0.7_r2_ab0,1.00,0.0200,0.70,2,0,13,-3.3954,+0.4765,1.0254,1.431,0.9149,0.9860,1.0130
screenshot,low,a1.0_t0.20_s0.5_r1_ab0,1.00,0.2000,0.50,1,0,13,-3.3074,+0.4748,1.0248,1.258,0.9172,0.9863,0.9333
screenshot,low,a2.0_t0.02_s0.5_r1_ab0,2.00,0.0200,0.50,1,0,13,-3.3800,+0.4971,1.0246,1.264,0.9166,0.9865,0.8944
screenshot,low,a2.0_t0.05_s0.5_r1_ab0,2.00,0.0500,0.50,1,0,13,-3.3813,+0.4983,1.0246,1.268,0.9166,0.9866,0.8897
screenshot,low,a2.0_t0.10_s0.5_r1_ab0,2.00,0.1000,0.50,1,0,13,-3.3787,+0.5001,1.0246,1.279,0.9167,0.9865,0.8782
screenshot,low,a0.5_t0.10_s0.7_r2_ab0,0.50,0.1000,0.70,2,0,13,-3.1417,+0.4605,1.0257,1.535,0.9175,0.9854,0.8394
screenshot,low,a0.5_t0.20_s0.7_r2_ab0,0.50,0.2000,0.70,2,0,13,-3.1292,+0.4580,1.0252,1.418,0.9189,0.9858,0.8394
screenshot,low,a1.0_t0.10_s0.5_r1_ab0,1.00,0.1000,0.50,1,0,13,-3.2938,+0.5038,1.0251,1.269,0.9165,0.9863,0.7749
screenshot,low,a1.0_t0.05_s0.5_r1_ab0,1.00,0.0500,0.50,1,0,13,-3.2880,+0.5088,1.0255,1.302,0.9164,0.9862,0.7439
screenshot,low,a1.0_t0.02_s0.5_r1_ab0,1.00,0.0200,0.50,1,0,13,-3.2856,+0.5088,1.0255,1.265,0.9164,0.9862,0.7417
screenshot,low,a1.0_t0.20_s0.5_r2_ab1,1.00,0.2000,0.50,2,1,13,-6.3700,+1.1288,1.0450,1.444,0.8564,0.9754,0.7262
screenshot,low,a0.5_t0.10_s0.5_r1_ab0,0.50,0.1000,0.50,1,0,13,-3.0632,+0.4704,1.0258,1.589,0.9186,0.9853,0.7114
screenshot,low,a0.5_t0.20_s0.5_r1_ab0,0.50,0.2000,0.50,1,0,13,-3.0547,+0.4750,1.0253,1.477,0.9200,0.9858,0.6800
screenshot,low,a0.5_t0.10_s0.5_r2_ab1,0.50,0.1000,0.50,2,1,13,-5.8284,+1.0299,1.0467,1.539,0.8602,0.9729,0.6787
screenshot,low,a0.5_t0.02_s0.7_r2_ab0,0.50,0.0200,0.70,2,0,13,-3.1260,+0.4908,1.0262,1.784,0.9172,0.9853,0.6721
screenshot,low,a0.5_t0.05_s0.7_r2_ab0,0.50,0.0500,0.70,2,0,13,-3.1281,+0.4945,1.0262,1.620,0.9172,0.9853,0.6554
screenshot,low,a1.0_t0.10_s0.5_r2_ab1,1.00,0.1000,0.50,2,1,13,-6.3543,+1.1428,1.0451,1.445,0.8563,0.9754,0.6402
screenshot,low,a1.0_t0.05_s0.5_r2_ab1,1.00,0.0500,0.50,2,1,13,-6.3515,+1.1481,1.0454,1.456,0.8563,0.9753,0.6110
screenshot,low,a1.0_t0.02_s0.5_r2_ab1,1.00,0.0200,0.50,2,1,13,-6.3514,+1.1482,1.0454,1.472,0.8563,0.9753,0.6104
screenshot,low,a0.5_t0.05_s0.5_r2_ab1,0.50,0.0500,0.50,2,1,13,-5.8158,+1.0474,1.0471,1.857,0.8602,0.9729,0.5786
screenshot,low,a0.5_t0.02_s0.5_r2_ab1,0.50,0.0200,0.50,2,1,13,-5.8154,+1.0483,1.0471,1.697,0.8603,0.9729,0.5742
screenshot,low,a0.5_t0.02_s0.5_r1_ab0,0.50,0.0200,0.50,1,0,13,-3.0550,+0.5015,1.0263,1.611,0.9182,0.9852,0.5476
screenshot,low,a0.5_t0.05_s0.5_r1_ab0,0.50,0.0500,0.50,1,0,13,-3.0547,+0.5055,1.0263,1.391,0.9182,0.9853,0.5273
screenshot,low,a2.0_t0.10_s0.5_r2_ab1,2.00,0.1000,0.50,2,1,13,-6.7564,+1.2554,1.0433,1.445,0.8543,0.9779,0.4792
screenshot,low,a0.5_t0.20_s0.5_r2_ab1,0.50,0.2000,0.50,2,1,13,-5.8264,+1.0702,1.0466,1.533,0.8606,0.9730,0.4754
screenshot,low,a2.0_t0.05_s0.5_r2_ab1,2.00,0.0500,0.50,2,1,13,-6.7561,+1.2562,1.0434,1.437,0.8543,0.9779,0.4752
screenshot,low,a2.0_t0.02_s0.5_r2_ab1,2.00,0.0200,0.50,2,1,13,-6.7540,+1.2586,1.0434,1.449,0.8543,0.9779,0.4610
screenshot,low,a1.0_t0.20_s0.5_r2_ab0,1.00,0.2000,0.50,2,0,13,-5.3356,+0.9926,1.0390,1.417,0.8772,0.9799,0.3724
screenshot,low,a2.0_t0.10_s0.5_r2_ab0,2.00,0.1000,0.50,2,0,13,-5.4407,+1.0227,1.0390,1.415,0.8759,0.9800,0.3273
screenshot,low,a2.0_t0.05_s0.5_r2_ab0,2.00,0.0500,0.50,2,0,13,-5.4337,+1.0258,1.0391,1.458,0.8759,0.9801,0.3046
screenshot,low,a2.0_t0.02_s0.5_r2_ab0,2.00,0.0200,0.50,2,0,13,-5.4321,+1.0260,1.0391,1.439,0.8759,0.9801,0.3022
screenshot,low,a1.0_t0.10_s0.5_r2_ab0,1.00,0.1000,0.50,2,0,13,-5.3052,+1.0531,1.0396,1.425,0.8761,0.9798,0.0396
screenshot,low,a1.0_t0.02_s0.5_r2_ab0,1.00,0.0200,0.50,2,0,13,-5.2900,+1.0538,1.0401,1.445,0.8759,0.9797,0.0212
screenshot,low,a1.0_t0.05_s0.5_r2_ab0,1.00,0.0500,0.50,2,0,13,-5.2938,+1.0587,1.0400,1.460,0.8759,0.9797,0.0006
screenshot,low,a0.5_t0.20_s0.5_r2_ab0,0.50,0.2000,0.50,2,0,13,-4.9892,+1.1155,1.0398,1.552,0.8810,0.9797,-0.5884
screenshot,low,a0.5_t0.10_s0.5_r2_ab0,0.50,0.1000,0.50,2,0,13,-4.9895,+1.1244,1.0407,1.528,0.8789,0.9790,-0.6325
screenshot,low,a0.5_t0.05_s0.5_r2_ab0,0.50,0.0500,0.50,2,0,13,-4.9603,+1.1660,1.0414,1.507,0.8784,0.9789,-0.8699
screenshot,low,a0.5_t0.02_s0.5_r2_ab0,0.50,0.0200,0.50,2,0,13,-4.9544,+1.1649,1.0414,1.546,0.8784,0.9788,-0.8700
screenshot,mid,a2.0_t0.02_s0.5_r1_ab1,2.00,0.0200,0.50,1,1,13,-3.2886,+0.0315,1.0246,1.181,0.8848,0.9784,3.1314
screenshot,mid,a2.0_t0.10_s0.5_r1_ab1,2.00,0.1000,0.50,1,1,13,-3.2896,+0.0322,1.0246,1.190,0.8849,0.9784,3.1284
screenshot,mid,a2.0_t0.05_s0.5_r1_ab1,2.00,0.0500,0.50,1,1,13,-3.2898,+0.0330,1.0246,1.159,0.8848,0.9784,3.1250
screenshot,mid,a1.0_t0.10_s0.5_r1_ab1,1.00,0.1000,0.50,1,1,13,-3.1805,+0.0325,1.0253,1.173,0.8852,0.9780,3.0179
screenshot,mid,a0.5_t0.10_s0.5_r1_ab1,0.50,0.1000,0.50,1,1,13,-3.0217,+0.0019,1.0259,1.251,0.8870,0.9772,3.0122
screenshot,mid,a0.5_t0.20_s0.5_r1_ab1,0.50,0.2000,0.50,1,1,13,-3.0245,+0.0094,1.0255,1.304,0.8880,0.9777,2.9773
screenshot,mid,a1.0_t0.05_s0.5_r1_ab1,1.00,0.0500,0.50,1,1,13,-3.1776,+0.0416,1.0253,1.174,0.8852,0.9781,2.9697
screenshot,mid,a1.0_t0.02_s0.5_r1_ab1,1.00,0.0200,0.50,1,1,13,-3.1753,+0.0416,1.0253,1.193,0.8852,0.9780,2.9671
screenshot,mid,a1.0_t0.20_s0.5_r1_ab1,1.00,0.2000,0.50,1,1,13,-3.1645,+0.0421,1.0251,1.165,0.8859,0.9781,2.9538
screenshot,mid,a0.5_t0.02_s0.5_r1_ab1,0.50,0.0200,0.50,1,1,13,-3.0340,+0.0222,1.0260,1.221,0.8867,0.9774,2.9231
screenshot,mid,a0.5_t0.05_s0.5_r1_ab1,0.50,0.0500,0.50,1,1,13,-3.0336,+0.0256,1.0260,1.281,0.8867,0.9774,2.9055
screenshot,mid,a2.0_t0.05_s0.7_r2_ab0,2.00,0.0500,0.70,2,0,13,-2.8528,+0.0138,1.0217,1.314,0.8977,0.9818,2.7837
screenshot,mid,a0.5_t0.05_s0.5_r2_ab1,0.50,0.0500,0.50,2,1,13,-4.2454,+0.3062,1.0400,1.651,0.8364,0.9680,2.7144
screenshot,mid,a0.5_t0.02_s0.5_r2_ab1,0.50,0.0200,0.50,2,1,13,-4.2482,+0.3087,1.0400,1.555,0.8364,0.9680,2.7046
screenshot,mid,a2.0_t0.02_s0.7_r2_ab0,2.00,0.0200,0.70,2,0,13,-2.8507,+0.0318,1.0217,1.301,0.8976,0.9819,2.6916
screenshot,mid,a2.0_t0.10_s0.7_r2_ab0,2.00,0.1000,0.70,2,0,13,-2.8356,+0.0300,1.0215,1.305,0.8986,0.9821,2.6857
screenshot,mid,a1.0_t0.05_s0.7_r2_ab0,1.00,0.0500,0.70,2,0,13,-2.8152,+0.0272,1.0220,1.294,0.8985,0.9816,2.6790
screenshot,mid,a0.5_t0.10_s0.5_r2_ab1,0.50,0.1000,0.50,2,1,13,-4.2357,+0.3150,1.0399,1.407,0.8368,0.9683,2.6608
screenshot,mid,a1.0_t0.10_s0.5_r2_ab1,1.00,0.1000,0.50,2,1,13,-4.4485,+0.3631,1.0392,1.315,0.8343,0.9686,2.6332
screenshot,mid,a0.5_t0.10_s0.7_r2_ab0,0.50,0.1000,0.70,2,0,13,-2.6318,-0.0098,1.0217,1.454,0.9032,0.9815,2.6318
screenshot,mid,a1.0_t0.10_s0.7_r2_ab0,1.00,0.1000,0.70,2,0,13,-2.7671,+0.0274,1.0217,1.305,0.9003,0.9817,2.6301
screenshot,mid,a1.0_t0.02_s0.7_r2_ab0,1.00,0.0200,0.70,2,0,13,-2.8104,+0.0394,1.0222,1.291,0.8981,0.9815,2.6135
screenshot,mid,a0.5_t0.02_s0.7_r2_ab0,0.50,0.0200,0.70,2,0,13,-2.7135,+0.0206,1.0226,1.645,0.8991,0.9811,2.6105
screenshot,mid,a1.0_t0.05_s0.5_r2_ab1,1.00,0.0500,0.50,2,1,13,-4.4476,+0.3678,1.0392,1.341,0.8342,0.9686,2.6088
screenshot,mid,a0.5_t0.05_s0.7_r2_ab0,0.50,0.0500,0.70,2,0,13,-2.7029,+0.0233,1.0223,1.443,0.9000,0.9815,2.5862
screenshot,mid,a1.0_t0.02_s0.5_r2_ab1,1.00,0.0200,0.50,2,1,13,-4.4460,+0.3723,1.0393,1.323,0.8342,0.9686,2.5844
screenshot,mid,a0.5_t0.20_s0.5_r2_ab1,0.50,0.2000,0.50,2,1,13,-4.2300,+0.3313,1.0393,1.407,0.8386,0.9689,2.5737
screenshot,mid,a2.0_t0.05_s0.5_r2_ab1,2.00,0.0500,0.50,2,1,13,-4.5847,+0.4196,1.0382,1.309,0.8332,0.9699,2.4866
screenshot,mid,a2.0_t0.10_s0.5_r2_ab1,2.00,0.1000,0.50,2,1,13,-4.5839,+0.4209,1.0382,1.328,0.8332,0.9699,2.4795
screenshot,mid,a2.0_t0.02_s0.5_r2_ab1,2.00,0.0200,0.50,2,1,13,-4.5814,+0.4210,1.0382,1.320,0.8332,0.9699,2.4765
screenshot,mid,a1.0_t0.20_s0.5_r2_ab1,1.00,0.2000,0.50,2,1,13,-4.4315,+0.4069,1.0389,1.317,0.8353,0.9693,2.3970
screenshot,mid,a0.5_t0.02_s0.5_r1_ab0,0.50,0.0200,0.50,1,0,13,-2.6041,+0.0633,1.0225,1.450,0.9014,0.9812,2.2876
screenshot,mid,a1.0_t0.20_s0.7_r2_ab0,1.00,0.2000,0.70,2,0,13,-2.6563,+0.0807,1.0205,1.302,0.9061,0.9831,2.2528
screenshot,mid,a1.0_t0.05_s0.5_r1_ab0,1.00,0.0500,0.50,1,0,13,-2.6806,+0.0856,1.0221,1.170,0.9010,0.9818,2.2528
screenshot,mid,a1.0_t0.02_s0.5_r1_ab0,1.00,0.0200,0.50,1,0,13,-2.6797,+0.0855,1.0222,1.170,0.9006,0.9815,2.2523
screenshot,mid,a0.5_t0.10_s0.5_r1_ab0,0.50,0.1000,0.50,1,0,13,-2.5351,+0.0583,1.0217,1.422,0.9053,0.9818,2.2436
screenshot,mid,a1.0_t0.10_s0.5_r1_ab0,1.00,0.1000,0.50,1,0,13,-2.6484,+0.0842,1.0216,1.167,0.9027,0.9820,2.2276
screenshot,mid,a2.0_t0.02_s0.5_r1_ab0,2.00,0.0200,0.50,1,0,13,-2.7329,+0.1078,1.0216,1.170,0.9004,0.9825,2.1937
screenshot,mid,a2.0_t0.05_s0.5_r1_ab0,2.00,0.0500,0.50,1,0,13,-2.7369,+0.1089,1.0215,1.160,0.9006,0.9826,2.1926
screenshot,mid,a2.0_t0.05_s0.5_r2_ab0,2.00,0.0500,0.50,2,0,13,-3.9995,+0.3624,1.0341,1.296,0.8562,0.9737,2.1876
screenshot,mid,a0.5_t0.20_s0.7_r2_ab0,0.50,0.2000,0.70,2,0,13,-2.4898,+0.0634,1.0201,1.301,0.9108,0.9832,2.1728
screenshot,mid,a0.5_t0.05_s0.5_r1_ab0,0.50,0.0500,0.50,1,0,13,-2.5959,+0.0872,1.0223,1.280,0.9022,0.9817,2.1600
screenshot,mid,a2.0_t0.02_s0.5_r2_ab0,2.00,0.0200,0.50,2,0,13,-3.9977,+0.3799,1.0342,1.291,0.8559,0.9738,2.0984
screenshot,mid,a0.5_t0.20_s0.5_r1_ab0,0.50,0.2000,0.50,1,0,13,-2.4093,+0.0622,1.0200,1.301,0.9123,0.9833,2.0983
screenshot,mid,a2.0_t0.10_s0.5_r1_ab0,2.00,0.1000,0.50,1,0,13,-2.7280,+0.1273,1.0212,1.155,0.9014,0.9829,2.0916
screenshot,mid,a2.0_t0.10_s0.5_r2_ab0,2.00,0.1000,0.50,2,0,13,-3.9731,+0.3842,1.0336,1.303,0.8576,0.9741,2.0519
screenshot,mid,a1.0_t0.20_s0.5_r1_ab0,1.00,0.2000,0.50,1,0,13,-2.5486,+0.1031,1.0204,1.145,0.9083,0.9834,2.0331
screenshot,mid,a1.0_t0.02_s0.5_r2_ab0,1.00,0.0200,0.50,2,0,13,-3.9639,+0.4233,1.0346,1.302,0.8558,0.9733,1.8474
screenshot,mid,a0.5_t0.05_s0.5_r2_ab0,0.50,0.0500,0.50,2,0,13,-3.7968,+0.3908,1.0348,1.382,0.8586,0.9731,1.8428
screenshot,mid,a1.0_t0.05_s0.5_r2_ab0,1.00,0.0500,0.50,2,0,13,-3.9483,+0.4256,1.0344,1.317,0.8567,0.9737,1.8201
screenshot,mid,a0.5_t0.02_s0.5_r2_ab0,0.50,0.0200,0.50,2,0,13,-3.8209,+0.4005,1.0353,1.393,0.8571,0.9727,1.8181
screenshot,mid,a2.0_t0.05_s0.7_r1_ab0,2.00,0.0500,0.70,1,0,13,-1.6981,-0.2116,1.0119,1.166,0.9394,0.9893,1.6981
screenshot,mid,a2.0_t0.02_s0.7_r1_ab0,2.00,0.0200,0.70,1,0,13,-1.6920,-0.1987,1.0120,1.154,0.9393,0.9893,1.6920
screenshot,mid,a2.0_t0.10_s0.7_r1_ab0,2.00,0.1000,0.70,1,0,13,-1.6875,-0.2174,1.0118,1.173,0.9399,0.9894,1.6875
screenshot,mid,a1.0_t0.02_s0.7_r1_ab0,1.00,0.0200,0.70,1,0,13,-1.6807,-0.2266,1.0123,1.153,0.9390,0.9888,1.6807
screenshot,mid,a1.0_t0.05_s0.7_r1_ab0,1.00,0.0500,0.70,1,0,13,-1.6742,-0.2372,1.0122,1.166,0.9393,0.9888,1.6742
screenshot,mid,a1.0_t0.10_s0.5_r2_ab0,1.00,0.1000,0.50,2,0,13,-3.8993,+0.4452,1.0337,1.302,0.8592,0.9743,1.6735
screenshot,mid,a0.5_t0.10_s0.5_r2_ab0,0.50,0.1000,0.50,2,0,13,-3.6866,+0.4059,1.0339,1.418,0.8635,0.9739,1.6571
screenshot,mid,a1.0_t0.10_s0.7_r1_ab0,1.00,0.1000,0.70,1,0,13,-1.6534,-0.2175,1.0119,1.159,0.9406,0.9893,1.6534
screenshot,mid,a0.5_t0.02_s0.7_r1_ab0,0.50,0.0200,0.70,1,0,13,-1.6185,-0.2031,1.0126,1.270,0.9395,0.9886,1.6185
screenshot,mid,a0.5_t0.05_s0.7_r1_ab0,0.50,0.0500,0.70,1,0,13,-1.6162,-0.2084,1.0125,1.248,0.9401,0.9888,1.6162
screenshot,mid,a1.0_t0.20_s0.7_r1_ab0,1.00,0.2000,0.70,1,0,13,-1.5870,-0.1506,1.0113,1.161,0.9440,0.9902,1.5870
screenshot,mid,a0.5_t0.10_s0.7_r1_ab0,0.50,0.1000,0.70,1,0,13,-1.5657,-0.1939,1.0121,1.216,0.9422,0.9892,1.5657
screenshot,mid,a0.5_t0.20_s0.7_r1_ab0,0.50,0.2000,0.70,1,0,13,-1.4886,-0.0790,1.0112,1.167,0.9465,0.9905,1.4886
screenshot,mid,a1.0_t0.20_s0.5_r2_ab0,1.00,0.2000,0.50,2,0,13,-3.7349,+0.4702,1.0320,1.288,0.8678,0.9761,1.3838
screenshot,mid,a0.5_t0.20_s0.5_r2_ab0,0.50,0.2000,0.50,2,0,13,-3.4790,+0.4622,1.0314,1.403,0.8745,0.9768,1.1681
screenshot,high,a2.0_t0.02_s0.5_r2_ab1,2.00,0.0200,0.50,2,1,13,-5.1667,-1.2952,1.0206,1.158,0.8679,0.9740,5.1667
screenshot,high,a2.0_t0.05_s0.5_r2_ab1,2.00,0.0500,0.50,2,1,13,-5.1357,-1.2436,1.0191,1.159,0.8773,0.9756,5.1357
screenshot,high,a1.0_t0.02_s0.5_r2_ab1,1.00,0.0200,0.50,2,1,13,-5.0885,-1.3475,1.0203,1.169,0.8713,0.9741,5.0885
screenshot,high,a0.5_t0.02_s0.5_r2_ab1,0.50,0.0200,0.50,2,1,13,-5.0247,-1.3357,1.0201,1.338,0.8756,0.9743,5.0247
screenshot,high,a1.0_t0.05_s0.5_r2_ab1,1.00,0.0500,0.50,2,1,13,-4.9982,-1.2998,1.0187,1.169,0.8821,0.9759,4.9982
screenshot,high,a2.0_t0.10_s0.5_r2_ab1,2.00,0.1000,0.50,2,1,13,-4.9410,-1.0762,1.0180,1.147,0.8852,0.9778,4.9410
screenshot,high,a0.5_t0.05_s0.5_r2_ab1,0.50,0.0500,0.50,2,1,13,-4.8080,-1.1542,1.0184,1.450,0.8866,0.9770,4.8080
screenshot,high,a1.0_t0.10_s0.5_r2_ab1,1.00,0.1000,0.50,2,1,13,-4.5049,-0.9834,1.0171,1.148,0.8922,0.9791,4.5049
screenshot,high,a2.0_t0.02_s0.5_r2_ab0,2.00,0.0200,0.50,2,0,13,-4.2696,-1.1145,1.0174,1.143,0.8909,0.9777,4.2696
screenshot,high,a1.0_t0.02_s0.5_r2_ab0,1.00,0.0200,0.50,2,0,13,-4.1737,-0.9853,1.0170,1.145,0.8948,0.9786,4.1737
screenshot,high,a0.5_t0.02_s0.5_r2_ab0,0.50,0.0200,0.50,2,0,13,-4.0620,-1.0763,1.0168,1.213,0.8973,0.9782,4.0620
screenshot,high,a2.0_t0.05_s0.5_r2_ab0,2.00,0.0500,0.50,2,0,13,-3.9954,-0.9689,1.0158,1.143,0.9006,0.9798,3.9954
screenshot,high,a0.5_t0.10_s0.5_r2_ab1,0.50,0.1000,0.50,2,1,13,-3.9429,-0.7878,1.0162,1.204,0.8997,0.9806,3.9429
screenshot,high,a1.0_t0.05_s0.5_r2_ab0,1.00,0.0500,0.50,2,0,13,-3.6146,-0.8973,1.0149,1.133,0.9077,0.9811,3.6146
screenshot,high,a2.0_t0.02_s0.5_r1_ab1,2.00,0.0200,0.50,1,1,13,-3.3461,-0.8187,1.0140,1.108,0.9057,0.9813,3.3461
screenshot,high,a2.0_t0.05_s0.5_r1_ab1,2.00,0.0500,0.50,1,1,13,-3.3265,-0.7257,1.0131,1.099,0.9128,0.9832,3.3265
screenshot,high,a1.0_t0.02_s0.5_r1_ab1,1.00,0.0200,0.50,1,1,13,-3.3138,-0.8088,1.0139,1.118,0.9082,0.9818,3.3138
screenshot,high,a0.5_t0.02_s0.5_r1_ab1,0.50,0.0200,0.50,1,1,13,-3.2850,-0.8984,1.0137,1.162,0.9110,0.9817,3.2850
screenshot,high,a1.0_t0.05_s0.5_r1_ab1,1.00,0.0500,0.50,1,1,13,-3.2483,-0.8038,1.0128,1.107,0.9163,0.9831,3.2483
screenshot,high,a1.0_t0.20_s0.5_r2_ab1,1.00,0.2000,0.50,2,1,13,-3.2424,-0.4601,1.0139,1.140,0.9119,0.9844,3.2424
screenshot,high,a2.0_t0.10_s0.5_r2_ab0,2.00,0.1000,0.50,2,0,13,-3.2034,-0.6796,1.0136,1.131,0.9144,0.9832,3.2034
screenshot,high,a2.0_t0.10_s0.5_r1_ab1,2.00,0.1000,0.50,1,1,13,-3.2000,-0.6656,1.0122,1.103,0.9186,0.9842,3.2000
screenshot,high,a0.5_t0.05_s0.5_r2_ab0,0.50,0.0500,0.50,2,0,13,-3.1825,-0.7497,1.0141,1.231,0.9136,0.9820,3.1825
screenshot,high,a0.5_t0.05_s0.5_r1_ab1,0.50,0.0500,0.50,1,1,13,-3.1547,-0.7872,1.0126,1.200,0.9190,0.9834,3.1547
screenshot,high,a1.0_t0.10_s0.5_r1_ab1,1.00,0.1000,0.50,1,1,13,-2.9698,-0.6370,1.0117,1.100,0.9234,0.9847,2.9698
screenshot,high,a2.0_t0.02_s0.7_r2_ab0,2.00,0.0200,0.70,2,0,13,-2.9385,-0.7963,1.0118,1.136,0.9205,0.9839,2.9385
screenshot,high,a1.0_t0.02_s0.7_r2_ab0,1.00,0.0200,0.70,2,0,13,-2.8988,-0.8962,1.0115,1.145,0.9233,0.9838,2.8988
screenshot,high,a2.0_t0.02_s0.5_r1_ab0,2.00,0.0200,0.50,1,0,13,-2.8670,-0.7808,1.0118,1.084,0.9223,0.9843,2.8670
screenshot,high,a0.5_t0.02_s0.7_r2_ab0,0.50,0.0200,0.70,2,0,13,-2.8414,-0.8384,1.0114,1.456,0.9252,0.9841,2.8414
screenshot,high,a1.0_t0.02_s0.5_r1_ab0,1.00,0.0200,0.50,1,0,13,-2.8251,-0.7873,1.0116,1.083,0.9248,0.9839,2.8251
screenshot,high,a2.0_t0.05_s0.7_r2_ab0,2.00,0.0500,0.70,2,0,13,-2.7799,-0.6610,1.0108,1.140,0.9272,0.9861,2.7799
screenshot,high,a0.5_t0.02_s0.5_r1_ab0,0.50,0.0200,0.50,1,0,13,-2.7403,-0.7241,1.0115,1.373,0.9268,0.9848,2.7403
screenshot,high,a2.0_t0.05_s0.5_r1_ab0,2.00,0.0500,0.50,1,0,13,-2.6996,-0.6758,1.0107,1.077,0.9290,0.9858,2.6996
screenshot,high,a1.0_t0.10_s0.5_r2_ab0,1.00,0.1000,0.50,2,0,13,-2.6628,-0.4872,1.0122,1.147,0.9245,0.9854,2.6628
screenshot,high,a0.5_t0.10_s0.5_r1_ab1,0.50,0.1000,0.50,1,1,13,-2.6174,-0.5646,1.0112,1.201,0.9287,0.9854,2.6174
screenshot,high,a1.0_t0.05_s0.7_r2_ab0,1.00,0.0500,0.70,2,0,13,-2.5601,-0.7534,1.0102,1.132,0.9321,0.9858,2.5601
screenshot,high,a0.5_t0.20_s0.5_r2_ab1,0.50,0.2000,0.50,2,1,13,-2.5390,-0.3852,1.0123,1.197,0.9243,0.9863,2.5390
screenshot,high,a1.0_t0.05_s0.5_r1_ab0,1.00,0.0500,0.50,1,0,13,-2.4854,-0.6316,1.0102,1.081,0.9334,0.9860,2.4854
screenshot,high,a2.0_t0.10_s0.7_r2_ab0,2.00,0.1000,0.70,2,0,13,-2.3293,-0.5860,1.0093,1.133,0.9369,0.9876,2.3293
screenshot,high,a0.5_t0.05_s0.7_r2_ab0,0.50,0.0500,0.70,2,0,13,-2.2980,-0.5907,1.0097,1.283,0.9366,0.9868,2.2980
screenshot,high,a2.0_t0.10_s0.5_r1_ab0,2.00,0.1000,0.50,1,0,13,-2.2550,-0.6323,1.0093,1.071,0.9383,0.9870,2.2550
screenshot,high,a0.5_t0.05_s0.5_r1_ab0,0.50,0.0500,0.50,1,0,13,-2.2328,-0.4973,1.0098,1.194,0.9377,0.9871,2.2328
screenshot,high,a1.0_t0.20_s0.5_r1_ab1,1.00,0.2000,0.50,1,1,13,-2.1809,-0.3114,1.0096,1.111,0.9375,0.9884,2.1809
screenshot,high,a0.5_t0.10_s0.5_r2_ab0,0.50,0.1000,0.50,2,0,13,-2.0731,-0.3881,1.0109,1.199,0.9349,0.9875,2.0731
screenshot,high,a1.0_t0.10_s0.7_r2_ab0,1.00,0.1000,0.70,2,0,13,-1.9341,-0.3440,1.0084,1.120,0.9443,0.9894,1.9341
screenshot,high,a1.0_t0.10_s0.5_r1_ab0,1.00,0.1000,0.50,1,0,13,-1.8849,-0.4147,1.0084,1.079,0.9455,0.9892,1.8849
screenshot,high,a0.5_t0.20_s0.5_r1_ab1,0.50,0.2000,0.50,1,1,13,-1.7172,-0.2461,1.0085,1.210,0.9460,0.9900,1.7172
screenshot,high,a2.0_t0.02_s0.7_r1_ab0,2.00,0.0200,0.70,1,0,13,-1.6992,-0.5316,1.0071,1.074,0.9505,0.9903,1.6992
screenshot,high,a1.0_t0.02_s0.7_r1_ab0,1.00,0.0200,0.70,1,0,13,-1.6718,-0.6382,1.0069,1.075,0.9527,0.9900,1.6718
screenshot,high,a0.5_t0.02_s0.7_r1_ab0,0.50,0.0200,0.70,1,0,13,-1.6491,-0.5532,1.0068,1.180,0.9537,0.9908,1.6491
screenshot,high,a1.0_t0.20_s0.5_r2_ab0,1.00,0.2000,0.50,2,0,13,-1.6201,-0.2467,1.0084,1.111,0.9480,0.9910,1.6201
screenshot,high,a2.0_t0.05_s0.7_r1_ab0,2.00,0.0500,0.70,1,0,13,-1.6048,-0.4456,1.0064,1.076,0.9551,0.9913,1.6048
screenshot,high,a0.5_t0.10_s0.7_r2_ab0,0.50,0.1000,0.70,2,0,13,-1.5484,-0.2889,1.0075,1.260,0.9517,0.9910,1.5484
screenshot,high,a1.0_t0.05_s0.7_r1_ab0,1.00,0.0500,0.70,1,0,13,-1.4859,-0.4564,1.0062,1.082,0.9581,0.9919,1.4859
screenshot,high,a0.5_t0.10_s0.5_r1_ab0,0.50,0.1000,0.50,1,0,13,-1.4803,-0.2024,1.0076,1.242,0.9528,0.9912,1.4803
screenshot,high,a0.5_t0.05_s0.7_r1_ab0,0.50,0.0500,0.70,1,0,13,-1.3661,-0.4012,1.0059,1.166,0.9605,0.9924,1.3661
screenshot,high,a2.0_t0.10_s0.7_r1_ab0,2.00,0.1000,0.70,1,0,13,-1.3653,-0.3443,1.0057,1.084,0.9610,0.9929,1.3653
screenshot,high,a0.5_t0.20_s0.5_r2_ab0,0.50,0.2000,0.50,2,0,13,-1.2096,-0.2549,1.0069,1.181,0.9594,0.9922,1.2096
screenshot,high,a1.0_t0.20_s0.7_r2_ab0,1.00,0.2000,0.70,2,0,13,-1.1882,-0.2681,1.0058,1.141,0.9614,0.9928,1.1882
screenshot,high,a1.0_t0.20_s0.5_r1_ab0,1.00,0.2000,0.50,1,0,13,-1.1560,-0.2274,1.0059,1.066,0.9623,0.9928,1.1560
screenshot,high,a1.0_t0.10_s0.7_r1_ab0,1.00,0.1000,0.70,1,0,13,-1.1502,-0.1942,1.0051,1.065,0.9656,0.9941,1.1502
screenshot,high,a0.5_t0.10_s0.7_r1_ab0,0.50,0.1000,0.70,1,0,13,-0.9125,-0.2047,1.0046,1.130,0.9699,0.9946,0.9125
screenshot,high,a0.5_t0.20_s0.7_r2_ab0,0.50,0.2000,0.70,2,0,13,-0.9018,-0.1410,1.0048,1.103,0.9697,0.9943,0.9018
screenshot,high,a0.5_t0.20_s0.5_r1_ab0,0.50,0.2000,0.50,1,0,13,-0.8718,-0.1695,1.0049,1.216,0.9704,0.9943,0.8718
screenshot,high,a1.0_t0.20_s0.7_r1_ab0,1.00,0.2000,0.70,1,0,13,-0.6980,-0.1019,1.0036,1.077,0.9763,0.9961,0.6980
screenshot,high,a0.5_t0.20_s0.7_r1_ab0,0.50,0.2000,0.70,1,0,13,-0.5361,-0.0864,1.0028,1.087,0.9815,0.9968,0.5361
photo,low,a2.0_t0.02_s0.5_r1_ab1,2.00,0.0200,0.50,1,1,5,-5.6201,+0.8001,1.0364,1.066,0.9173,0.9771,1.6196
photo,low,a2.0_t0.05_s0.5_r1_ab1,2.00,0.0500,0.50,1,1,5,-5.6201,+0.8001,1.0364,1.070,0.9173,0.9771,1.6196
photo,low,a2.0_t0.10_s0.5_r1_ab1,2.00,0.1000,0.50,1,1,5,-5.6201,+0.8001,1.0364,1.034,0.9173,0.9771,1.6196
photo,low,a2.0_t0.02_s0.7_r1_ab0,2.00,0.0200,0.70,1,0,5,-2.8601,+0.3017,1.0184,1.026,0.9573,0.9873,1.3515
photo,low,a2.0_t0.05_s0.7_r1_ab0,2.00,0.0500,0.70,1,0,5,-2.8601,+0.3017,1.0184,1.042,0.9573,0.9873,1.3515
photo,low,a2.0_t0.10_s0.7_r1_ab0,2.00,0.1000,0.70,1,0,5,-2.8598,+0.3017,1.0184,1.010,0.9573,0.9873,1.3511
photo,low,a2.0_t0.10_s0.7_r2_ab0,2.00,0.1000,0.70,2,0,5,-4.5064,+0.6355,1.0332,1.152,0.9296,0.9779,1.3287
photo,low,a2.0_t0.02_s0.7_r2_ab0,2.00,0.0200,0.70,2,0,5,-4.5063,+0.6358,1.0332,1.164,0.9296,0.9779,1.3271
photo,low,a2.0_t0.05_s0.7_r2_ab0,2.00,0.0500,0.70,2,0,5,-4.5063,+0.6358,1.0332,1.141,0.9296,0.9779,1.3271
photo,low,a1.0_t0.02_s0.5_r1_ab1,1.00,0.0200,0.50,1,1,5,-5.1677,+0.8244,1.0380,1.060,0.9194,0.9759,1.0459
photo,low,a1.0_t0.05_s0.5_r1_ab1,1.00,0.0500,0.50,1,1,5,-5.1677,+0.8244,1.0380,1.044,0.9194,0.9759,1.0459
photo,low,a1.0_t0.10_s0.5_r1_ab1,1.00,0.1000,0.50,1,1,5,-5.1677,+0.8244,1.0380,1.047,0.9194,0.9759,1.0459
photo,low,a1.0_t0.20_s0.5_r1_ab1,1.00,0.2000,0.50,1,1,5,-5.1677,+0.8244,1.0380,1.056,0.9195,0.9760,1.0458
photo,low,a1.0_t0.10_s0.7_r1_ab0,1.00,0.1000,0.70,1,0,5,-2.6998,+0.3399,1.0193,1.040,0.9579,0.9869,1.0005
photo,low,a1.0_t0.02_s0.7_r1_ab0,1.00,0.0200,0.70,1,0,5,-2.6999,+0.3405,1.0193,1.008,0.9579,0.9869,0.9976
photo,low,a1.0_t0.05_s0.7_r1_ab0,1.00,0.0500,0.70,1,0,5,-2.6999,+0.3405,1.0193,1.019,0.9579,0.9869,0.9976
photo,low,a1.0_t0.20_s0.7_r1_ab0,1.00,0.2000,0.70,1,0,5,-2.6974,+0.3406,1.0193,1.043,0.9580,0.9869,0.9946
photo,low,a2.0_t0.10_s0.5_r1_ab0,2.00,0.1000,0.50,1,0,5,-4.2390,+0.6666,1.0329,1.025,0.9322,0.9785,0.9061
photo,low,a2.0_t0.02_s0.5_r1_ab0,2.00,0.0200,0.50,1,0,5,-4.2387,+0.6669,1.0329,1.033,0.9322,0.9785,0.9041
photo,low,a2.0_t0.05_s0.5_r1_ab0,2.00,0.0500,0.50,1,0,5,-4.2387,+0.6669,1.0329,1.014,0.9322,0.9785,0.9041
photo,low,a1.0_t0.20_s0.7_r2_ab0,1.00,0.2000,0.70,2,0,5,-4.1204,+0.6856,1.0348,1.173,0.9312,0.9771,0.6925
photo,low,a1.0_t0.10_s0.7_r2_ab0,1.00,0.1000,0.70,2,0,5,-4.1209,+0.6894,1.0349,1.142,0.9312,0.9771,0.6739
photo,low,a1.0_t0.02_s0.7_r2_ab0,1.00,0.0200,0.70,2,0,5,-4.1116,+0.6929,1.0349,1.158,0.9311,0.9771,0.6473
photo,low,a1.0_t0.05_s0.7_r2_ab0,1.00,0.0500,0.70,2,0,5,-4.1116,+0.6929,1.0349,1.218,0.9311,0.9771,0.6473
photo,low,a2.0_t0.02_s0.5_r2_ab1,2.00,0.0200,0.50,2,1,5,-7.9844,+1.4739,1.0576,1.172,0.8795,0.9661,0.6149
photo,low,a2.0_t0.05_s0.5_r2_ab1,2.00,0.0500,0.50,2,1,5,-7.9844,+1.4739,1.0576,1.195,0.8795,0.9661,0.6149
photo,low,a2.0_t0.10_s0.5_r2_ab1,2.00,0.1000,0.50,2,1,5,-7.9844,+1.4739,1.0576,1.192,0.8795,0.9661,0.6149
photo,low,a1.0_t0.20_s0.5_r1_ab0,1.00,0.2000,0.50,1,0,5,-3.9217,+0.6815,1.0341,1.020,0.9334,0.9776,0.5142
photo,low,a1.0_t0.10_s0.5_r1_ab0,1.00,0.1000,0.50,1,0,5,-3.9208,+0.6848,1.0342,1.027,0.9334,0.9776,0.4968
photo,low,a0.5_t0.10_s0.7_r1_ab0,0.50,0.1000,0.70,1,0,5,-2.3764,+0.3771,1.0203,1.099,0.9595,0.9863,0.4907
photo,low,a0.5_t0.05_s0.7_r1_ab0,0.50,0.0500,0.70,1,0,5,-2.3769,+0.3774,1.0203,1.098,0.9595,0.9863,0.4902
photo,low,a0.5_t0.02_s0.7_r1_ab0,0.50,0.0200,0.70,1,0,5,-2.3769,+0.3774,1.0203,1.073,0.9595,0.9863,0.4901
photo,low,a0.5_t0.20_s0.7_r1_ab0,0.50,0.2000,0.70,1,0,5,-2.3730,+0.3775,1.0202,1.027,0.9596,0.9864,0.4854
photo,low,a1.0_t0.02_s0.5_r1_ab0,1.00,0.0200,0.50,1,0,5,-3.9106,+0.6897,1.0343,1.050,0.9334,0.9776,0.4620
photo,low,a1.0_t0.05_s0.5_r1_ab0,1.00,0.0500,0.50,1,0,5,-3.9106,+0.6897,1.0343,1.017,0.9334,0.9776,0.4620
photo,low,a0.5_t0.02_s0.5_r1_ab1,0.50,0.0200,0.50,1,1,5,-4.5141,+0.8237,1.0400,1.113,0.9239,0.9743,0.3957
photo,low,a0.5_t0.05_s0.5_r1_ab1,0.50,0.0500,0.50,1,1,5,-4.5141,+0.8237,1.0400,1.129,0.9239,0.9743,0.3957
photo,low,a0.5_t0.10_s0.5_r1_ab1,0.50,0.1000,0.50,1,1,5,-4.5141,+0.8237,1.0400,1.125,0.9239,0.9743,0.3957
photo,low,a0.5_t0.20_s0.5_r1_ab1,0.50,0.2000,0.50,1,1,5,-4.5138,+0.8238,1.0400,1.385,0.9239,0.9743,0.3949
photo,low,a0.5_t0.20_s0.7_r2_ab0,0.50,0.2000,0.70,2,0,5,-3.6813,+0.7414,1.0365,1.147,0.9336,0.9763,-0.0256
photo,low,a0.5_t0.10_s0.7_r2_ab0,0.50,0.1000,0.70,2,0,5,-3.6842,+0.7439,1.0366,1.242,0.9334,0.9763,-0.0351
photo,low,a0.5_t0.05_s0.7_r2_ab0,0.50,0.0500,0.70,2,0,5,-3.6739,+0.7488,1.0366,1.238,0.9334,0.9763,-0.0701
photo,low,a0.5_t0.02_s0.7_r2_ab0,0.50,0.0200,0.70,2,0,5,-3.6733,+0.7493,1.0366,1.549,0.9334,0.9763,-0.0734
photo,low,a0.5_t0.20_s0.5_r1_ab0,0.50,0.2000,0.50,1,0,5,-3.4615,+0.7302,1.0360,1.073,0.9358,0.9767,-0.1893
photo,low,a0.5_t0.10_s0.5_r1_ab0,0.50,0.1000,0.50,1,0,5,-3.4631,+0.7326,1.0360,1.131,0.9357,0.9766,-0.1998
photo,low,a0.5_t0.02_s0.5_r1_ab0,0.50,0.0200,0.50,1,0,5,-3.4530,+0.7370,1.0361,1.073,0.9356,0.9766,-0.2322
photo,low,a0.5_t0.05_s0.5_r1_ab0,0.50,0.0500,0.50,1,0,5,-3.4525,+0.7374,1.0361,1.153,0.9357,0.9766,-0.2346
photo,low,a1.0_t0.02_s0.5_r2_ab1,1.00,0.0200,0.50,2,1,5,-7.1670,+1.4804,1.0604,1.171,0.8835,0.9640,-0.2352
photo,low,a1.0_t0.05_s0.5_r2_ab1,1.00,0.0500,0.50,2,1,5,-7.1670,+1.4804,1.0604,1.174,0.8835,0.9640,-0.2352
photo,low,a1.0_t0.10_s0.5_r2_ab1,1.00,0.1000,0.50,2,1,5,-7.1670,+1.4804,1.0604,1.170,0.8835,0.9640,-0.2352
photo,low,a1.0_t0.20_s0.5_r2_ab1,1.00,0.2000,0.50,2,1,5,-7.1668,+1.4805,1.0604,1.171,0.8835,0.9640,-0.2359
photo,low,a2.0_t0.02_s0.5_r2_ab0,2.00,0.0200,0.50,2,0,5,-5.7149,+1.2368,1.0522,1.161,0.9029,0.9678,-0.4691
photo,low,a2.0_t0.05_s0.5_r2_ab0,2.00,0.0500,0.50,2,0,5,-5.7149,+1.2368,1.0522,1.155,0.9029,0.9678,-0.4691
photo,low,a2.0_t0.10_s0.5_r2_ab0,2.00,0.1000,0.50,2,0,5,-5.7162,+1.2386,1.0522,1.164,0.9029,0.9678,-0.4769
photo,low,a1.0_t0.10_s0.5_r2_ab0,1.00,0.1000,0.50,2,0,5,-5.2594,+1.2987,1.0541,1.202,0.9046,0.9667,-1.2339
photo,low,a1.0_t0.02_s0.5_r2_ab0,1.00,0.0200,0.50,2,0,5,-5.2465,+1.3033,1.0542,1.195,0.9046,0.9667,-1.2703
photo,low,a1.0_t0.05_s0.5_r2_ab0,1.00,0.0500,0.50,2,0,5,-5.2465,+1.3033,1.0542,1.181,0.9046,0.9667,-1.2703
photo,low,a1.0_t0.20_s0.5_r2_ab0,1.00,0.2000,0.50,2,0,5,-5.2500,+1.3101,1.0541,1.172,0.9047,0.9667,-1.3005
photo,low,a0.5_t0.02_s0.5_r2_ab1,0.50,0.0200,0.50,2,1,5,-6.0754,+1.5502,1.0632,1.235,0.8900,0.9620,-1.6754
photo,low,a0.5_t0.05_s0.5_r2_ab1,0.50,0.0500,0.50,2,1,5,-6.0754,+1.5502,1.0632,1.268,0.8900,0.9620,-1.6754
photo,low,a0.5_t0.10_s0.5_r2_ab1,0.50,0.1000,0.50,2,1,5,-6.0754,+1.5502,1.0632,1.301,0.8900,0.9620,-1.6754
photo,low,a0.5_t0.20_s0.5_r2_ab1,0.50,0.2000,0.50,2,1,5,-6.0752,+1.5502,1.0632,1.228,0.8900,0.9620,-1.6759
photo,low,a0.5_t0.10_s0.5_r2_ab0,0.50,0.1000,0.50,2,0,5,-4.4886,+1.3431,1.0568,1.250,0.9084,0.9649,-2.2268
photo,low,a0.5_t0.02_s0.5_r2_ab0,0.50,0.0200,0.50,2,0,5,-4.4755,+1.3471,1.0568,1.329,0.9084,0.9648,-2.2602
photo,low,a0.5_t0.20_s0.5_r2_ab0,0.50,0.2000,0.50,2,0,5,-4.4813,+1.3485,1.0567,1.176,0.9085,0.9649,-2.2613
photo,low,a0.5_t0.05_s0.5_r2_ab0,0.50,0.0500,0.50,2,0,5,-4.4768,+1.3482,1.0568,1.244,0.9084,0.9649,-2.2642
photo,mid,a2.0_t0.02_s0.5_r2_ab1,2.00,0.0200,0.50,2,1,5,-6.7735,-0.3108,1.0594,1.144,0.8512,0.9534,6.7735
photo,mid,a2.0_t0.05_s0.5_r2_ab1,2.00,0.0500,0.50,2,1,5,-6.7735,-0.3108,1.0594,1.139,0.8512,0.9534,6.7735
photo,mid,a2.0_t0.10_s0.5_r2_ab1,2.00,0.1000,0.50,2,1,5,-6.7721,-0.3141,1.0594,1.161,0.8512,0.9534,6.7721
photo,mid,a1.0_t0.02_s0.5_r2_ab1,1.00,0.0200,0.50,2,1,5,-6.4187,-0.3764,1.0614,1.178,0.8533,0.9516,6.4187
photo,mid,a1.0_t0.05_s0.5_r2_ab1,1.00,0.0500,0.50,2,1,5,-6.4187,-0.3764,1.0614,1.153,0.8533,0.9516,6.4187
photo,mid,a1.0_t0.10_s0.5_r2_ab1,1.00,0.1000,0.50,2,1,5,-6.4174,-0.3780,1.0614,1.155,0.8533,0.9516,6.4174
photo,mid,a1.0_t0.20_s0.5_r2_ab1,1.00,0.2000,0.50,2,1,5,-6.4169,-0.3784,1.0614,1.154,0.8533,0.9516,6.4169
photo,mid,a0.5_t0.20_s0.5_r2_ab1,0.50,0.2000,0.50,2,1,5,-5.8826,-0.3966,1.0633,1.190,0.8574,0.9500,5.8826
photo,mid,a0.5_t0.02_s0.5_r2_ab1,0.50,0.0200,0.50,2,1,5,-5.8808,-0.3868,1.0634,1.214,0.8573,0.9500,5.8808
photo,mid,a0.5_t0.05_s0.5_r2_ab1,0.50,0.0500,0.50,2,1,5,-5.8808,-0.3868,1.0634,1.220,0.8573,0.9500,5.8808
photo,mid,a0.5_t0.10_s0.5_r2_ab1,0.50,0.1000,0.50,2,1,5,-5.8793,-0.3876,1.0634,1.214,0.8573,0.9500,5.8793
photo,mid,a2.0_t0.05_s0.5_r2_ab0,2.00,0.0500,0.50,2,0,5,-5.3641,-0.2534,1.0546,1.144,0.8721,0.9573,5.3641
photo,mid,a2.0_t0.02_s0.5_r2_ab0,2.00,0.0200,0.50,2,0,5,-5.3640,-0.2532,1.0546,1.123,0.8721,0.9573,5.3640
photo,mid,a2.0_t0.10_s0.5_r2_ab0,2.00,0.1000,0.50,2,0,5,-5.3427,-0.2594,1.0545,1.125,0.8723,0.9573,5.3427
photo,mid,a1.0_t0.02_s0.5_r2_ab0,1.00,0.0200,0.50,2,0,5,-5.0989,-0.2430,1.0563,1.147,0.8730,0.9563,5.0989
photo,mid,a1.0_t0.05_s0.5_r2_ab0,1.00,0.0500,0.50,2,0,5,-5.0796,-0.2445,1.0562,1.120,0.8732,0.9563,5.0796
photo,mid,a1.0_t0.10_s0.5_r2_ab0,1.00,0.1000,0.50,2,0,5,-5.0679,-0.2435,1.0562,1.156,0.8734,0.9563,5.0679
photo,mid,a1.0_t0.20_s0.5_r2_ab0,1.00,0.2000,0.50,2,0,5,-5.0537,-0.2591,1.0559,1.128,0.8738,0.9564,5.0537
photo,mid,a2.0_t0.02_s0.5_r1_ab1,2.00,0.0200,0.50,1,1,5,-4.8457,-0.4960,1.0378,1.039,0.8958,0.9676,4.8457
photo,mid,a2.0_t0.05_s0.5_r1_ab1,2.00,0.0500,0.50,1,1,5,-4.8457,-0.4960,1.0378,1.012,0.8958,0.9676,4.8457
photo,mid,a2.0_t0.10_s0.5_r1_ab1,2.00,0.1000,0.50,1,1,5,-4.8441,-0.4918,1.0378,1.024,0.8959,0.9676,4.8441
photo,mid,a0.5_t0.02_s0.5_r2_ab0,0.50,0.0200,0.50,2,0,5,-4.7117,-0.2713,1.0583,1.340,0.8751,0.9546,4.7117
photo,mid,a0.5_t0.10_s0.5_r2_ab0,0.50,0.1000,0.50,2,0,5,-4.6899,-0.2845,1.0581,1.194,0.8755,0.9546,4.6899
photo,mid,a0.5_t0.05_s0.5_r2_ab0,0.50,0.0500,0.50,2,0,5,-4.6886,-0.2783,1.0582,1.223,0.8754,0.9546,4.6886
photo,mid,a0.5_t0.20_s0.5_r2_ab0,0.50,0.2000,0.50,2,0,5,-4.6337,-0.2885,1.0578,1.152,0.8764,0.9548,4.6337
photo,mid,a1.0_t0.10_s0.5_r1_ab1,1.00,0.1000,0.50,1,1,5,-4.6168,-0.5721,1.0391,1.046,0.8972,0.9662,4.6168
photo,mid,a1.0_t0.20_s0.5_r1_ab1,1.00,0.2000,0.50,1,1,5,-4.6158,-0.5705,1.0391,1.019,0.8973,0.9662,4.6158
photo,mid,a1.0_t0.02_s0.5_r1_ab1,1.00,0.0200,0.50,1,1,5,-4.6148,-0.5658,1.0392,1.035,0.8972,0.9662,4.6148
photo,mid,a1.0_t0.05_s0.5_r1_ab1,1.00,0.0500,0.50,1,1,5,-4.6148,-0.5658,1.0392,1.063,0.8972,0.9662,4.6148
photo,mid,a0.5_t0.02_s0.5_r1_ab1,0.50,0.0200,0.50,1,1,5,-4.3424,-0.5922,1.0402,1.151,0.8994,0.9651,4.3424
photo,mid,a0.5_t0.05_s0.5_r1_ab1,0.50,0.0500,0.50,1,1,5,-4.3424,-0.5922,1.0402,1.119,0.8994,0.9651,4.3424
photo,mid,a0.5_t0.20_s0.5_r1_ab1,0.50,0.2000,0.50,1,1,5,-4.3411,-0.5934,1.0402,1.388,0.8994,0.9651,4.3411
photo,mid,a0.5_t0.10_s0.5_r1_ab1,0.50,0.1000,0.50,1,1,5,-4.3396,-0.5917,1.0402,1.099,0.8994,0.9651,4.3396
photo,mid,a2.0_t0.10_s0.7_r2_ab0,2.00,0.1000,0.70,2,0,5,-4.2562,-0.5133,1.0351,1.131,0.9060,0.9694,4.2562
photo,mid,a2.0_t0.02_s0.7_r2_ab0,2.00,0.0200,0.70,2,0,5,-4.2531,-0.5128,1.0351,1.136,0.9060,0.9694,4.2531
photo,mid,a2.0_t0.05_s0.7_r2_ab0,2.00,0.0500,0.70,2,0,5,-4.2526,-0.5127,1.0351,1.128,0.9060,0.9694,4.2526
photo,mid,a1.0_t0.05_s0.7_r2_ab0,1.00,0.0500,0.70,2,0,5,-4.0817,-0.5089,1.0358,1.130,0.9073,0.9690,4.0817
photo,mid,a1.0_t0.02_s0.7_r2_ab0,1.00,0.0200,0.70,2,0,5,-4.0774,-0.5066,1.0359,1.135,0.9073,0.9690,4.0774
photo,mid,a1.0_t0.10_s0.7_r2_ab0,1.00,0.1000,0.70,2,0,5,-4.0739,-0.5023,1.0358,1.134,0.9074,0.9691,4.0739
photo,mid,a1.0_t0.20_s0.7_r2_ab0,1.00,0.2000,0.70,2,0,5,-4.0579,-0.5133,1.0356,1.149,0.9078,0.9691,4.0579
photo,mid,a2.0_t0.10_s0.5_r1_ab0,2.00,0.1000,0.50,1,0,5,-3.8873,-0.4379,1.0349,1.006,0.9104,0.9702,3.8873
photo,mid,a2.0_t0.05_s0.5_r1_ab0,2.00,0.0500,0.50,1,0,5,-3.8859,-0.4396,1.0348,1.007,0.9104,0.9702,3.8859
photo,mid,a2.0_t0.02_s0.5_r1_ab0,2.00,0.0200,0.50,1,0,5,-3.8853,-0.4380,1.0349,1.007,0.9104,0.9702,3.8853
photo,mid,a0.5_t0.10_s0.7_r2_ab0,0.50,0.1000,0.70,2,0,5,-3.8275,-0.5704,1.0368,1.261,0.9090,0.9678,3.8275
photo,mid,a0.5_t0.02_s0.7_r2_ab0,0.50,0.0200,0.70,2,0,5,-3.8242,-0.5639,1.0369,1.396,0.9089,0.9678,3.8242
photo,mid,a0.5_t0.05_s0.7_r2_ab0,0.50,0.0500,0.70,2,0,5,-3.8217,-0.5674,1.0369,1.202,0.9089,0.9678,3.8217
photo,mid,a0.5_t0.20_s0.7_r2_ab0,0.50,0.2000,0.70,2,0,5,-3.8015,-0.5820,1.0365,1.115,0.9095,0.9679,3.8015
photo,mid,a1.0_t0.05_s0.5_r1_ab0,1.00,0.0500,0.50,1,0,5,-3.7566,-0.4941,1.0358,1.027,0.9107,0.9692,3.7566
photo,mid,a1.0_t0.02_s0.5_r1_ab0,1.00,0.0200,0.50,1,0,5,-3.7539,-0.4938,1.0358,1.026,0.9107,0.9692,3.7539
photo,mid,a1.0_t0.10_s0.5_r1_ab0,1.00,0.1000,0.50,1,0,5,-3.7507,-0.4968,1.0358,1.001,0.9108,0.9692,3.7507
photo,mid,a1.0_t0.20_s0.5_r1_ab0,1.00,0.2000,0.50,1,0,5,-3.7354,-0.5002,1.0356,1.031,0.9112,0.9693,3.7354
photo,mid,a0.5_t0.02_s0.5_r1_ab0,0.50,0.0200,0.50,1,0,5,-3.5379,-0.5494,1.0368,1.058,0.9121,0.9679,3.5379
photo,mid,a0.5_t0.05_s0.5_r1_ab0,0.50,0.0500,0.50,1,0,5,-3.5363,-0.5499,1.0368,1.157,0.9121,0.9680,3.5363
photo,mid,a0.5_t0.10_s0.5_r1_ab0,0.50,0.1000,0.50,1,0,5,-3.5358,-0.5522,1.0368,1.090,0.9122,0.9680,3.5358
photo,mid,a0.5_t0.20_s0.5_r1_ab0,0.50,0.2000,0.50,1,0,5,-3.5049,-0.5582,1.0366,1.092,0.9127,0.9681,3.5049
photo,mid,a2.0_t0.02_s0.7_r1_ab0,2.00,0.0200,0.70,1,0,5,-2.6424,-0.3600,1.0197,1.029,0.9433,0.9820,2.6424
photo,mid,a2.0_t0.10_s0.7_r1_ab0,2.00,0.1000,0.70,1,0,5,-2.6373,-0.3621,1.0197,1.016,0.9433,0.9820,2.6373
photo,mid,a2.0_t0.05_s0.7_r1_ab0,2.00,0.0500,0.70,1,0,5,-2.6368,-0.3601,1.0197,0.996,0.9433,0.9820,2.6368
photo,mid,a1.0_t0.10_s0.7_r1_ab0,1.00,0.1000,0.70,1,0,5,-2.5422,-0.3575,1.0202,1.034,0.9438,0.9816,2.5422
photo,mid,a1.0_t0.02_s0.7_r1_ab0,1.00,0.0200,0.70,1,0,5,-2.5391,-0.3561,1.0202,0.999,0.9438,0.9816,2.5391
photo,mid,a1.0_t0.05_s0.7_r1_ab0,1.00,0.0500,0.70,1,0,5,-2.5391,-0.3561,1.0202,1.004,0.9438,0.9816,2.5391
photo,mid,a1.0_t0.20_s0.7_r1_ab0,1.00,0.2000,0.70,1,0,5,-2.5244,-0.3591,1.0202,0.999,0.9441,0.9817,2.5244
photo,mid,a0.5_t0.10_s0.7_r1_ab0,0.50,0.1000,0.70,1,0,5,-2.4061,-0.3784,1.0208,1.066,0.9446,0.9810,2.4061
photo,mid,a0.5_t0.02_s0.7_r1_ab0,0.50,0.0200,0.70,1,0,5,-2.3988,-0.3783,1.0209,1.054,0.9446,0.9810,2.3988
photo,mid,a0.5_t0.05_s0.7_r1_ab0,0.50,0.0500,0.70,1,0,5,-2.3965,-0.3756,1.0209,1.109,0.9447,0.9810,2.3965
photo,mid,a0.5_t0.20_s0.7_r1_ab0,0.50,0.2000,0.70,1,0,5,-2.3666,-0.3763,1.0208,1.003,0.9451,0.9811,2.3666
photo,high,a2.0_t0.02_s0.5_r2_ab1,2.00,0.0200,0.50,2,1,5,-5.9389,-0.3599,1.0430,1.105,0.8870,0.9670,5.9389
photo,high,a2.0_t0.05_s0.5_r2_ab1,2.00,0.0500,0.50,2,1,5,-5.9348,-0.3704,1.0428,1.110,0.8873,0.9670,5.9348
photo,high,a2.0_t0.10_s0.5_r2_ab1,2.00,0.1000,0.50,2,1,5,-5.9142,-0.3576,1.0421,1.134,0.8885,0.9675,5.9142
photo,high,a1.0_t0.02_s0.5_r2_ab1,1.00,0.0200,0.50,2,1,5,-5.7441,-0.2529,1.0440,1.132,0.8882,0.9660,5.7441
photo,high,a1.0_t0.05_s0.5_r2_ab1,1.00,0.0500,0.50,2,1,5,-5.7345,-0.2569,1.0435,1.098,0.8889,0.9663,5.7345
photo,high,a1.0_t0.10_s0.5_r2_ab1,1.00,0.1000,0.50,2,1,5,-5.6954,-0.3011,1.0423,1.096,0.8911,0.9669,5.6954
photo,high,a1.0_t0.20_s0.5_r2_ab1,1.00,0.2000,0.50,2,1,5,-5.5527,-0.2976,1.0404,1.093,0.8956,0.9684,5.5527
photo,high,a0.5_t0.02_s0.5_r2_ab1,0.50,0.0200,0.50,2,1,5,-5.5045,-0.3407,1.0449,1.166,0.8899,0.9651,5.5045
photo,high,a0.5_t0.05_s0.5_r2_ab1,0.50,0.0500,0.50,2,1,5,-5.4874,-0.3571,1.0440,1.172,0.8911,0.9654,5.4874
photo,high,a0.5_t0.10_s0.5_r2_ab1,0.50,0.1000,0.50,2,1,5,-5.4222,-0.3622,1.0425,1.179,0.8941,0.9663,5.4222
photo,high,a0.5_t0.20_s0.5_r2_ab1,0.50,0.2000,0.50,2,1,5,-5.1915,-0.3076,1.0401,1.122,0.9001,0.9681,5.1915
photo,high,a2.0_t0.02_s0.5_r2_ab0,2.00,0.0200,0.50,2,0,5,-4.8138,-0.2181,1.0390,1.096,0.9025,0.9705,4.8138
photo,high,a2.0_t0.05_s0.5_r2_ab0,2.00,0.0500,0.50,2,0,5,-4.7857,-0.2369,1.0382,1.107,0.9039,0.9709,4.7857
photo,high,a2.0_t0.10_s0.5_r2_ab0,2.00,0.1000,0.50,2,0,5,-4.6965,-0.3034,1.0368,1.090,0.9068,0.9713,4.6965
photo,high,a1.0_t0.02_s0.5_r2_ab0,1.00,0.0200,0.50,2,0,5,-4.6908,-0.2225,1.0397,1.118,0.9031,0.9698,4.6908
photo,high,a1.0_t0.05_s0.5_r2_ab0,1.00,0.0500,0.50,2,0,5,-4.6310,-0.2634,1.0384,1.101,0.9055,0.9704,4.6310
photo,high,a0.5_t0.02_s0.5_r2_ab0,0.50,0.0200,0.50,2,0,5,-4.5042,-0.1499,1.0404,1.232,0.9044,0.9692,4.5042
photo,high,a1.0_t0.10_s0.5_r2_ab0,1.00,0.1000,0.50,2,0,5,-4.5011,-0.3080,1.0367,1.082,0.9098,0.9713,4.5011
photo,high,a0.5_t0.05_s0.5_r2_ab0,0.50,0.0500,0.50,2,0,5,-4.4281,-0.1493,1.0387,1.152,0.9079,0.9704,4.4281
photo,high,a0.5_t0.10_s0.5_r2_ab0,0.50,0.1000,0.50,2,0,5,-4.1766,-0.1434,1.0364,1.150,0.9134,0.9720,4.1766
photo,high,a2.0_t0.02_s0.5_r1_ab1,2.00,0.0200,0.50,1,1,5,-4.1219,-0.3382,1.0283,1.016,0.9202,0.9771,4.1219
photo,high,a2.0_t0.05_s0.5_r1_ab1,2.00,0.0500,0.50,1,1,5,-4.1183,-0.3347,1.0282,1.017,0.9204,0.9772,4.1183
photo,high,a2.0_t0.10_s0.5_r1_ab1,2.00,0.1000,0.50,1,1,5,-4.1072,-0.3236,1.0277,1.019,0.9212,0.9776,4.1072
photo,high,a1.0_t0.20_s0.5_r2_ab0,1.00,0.2000,0.50,2,0,5,-4.0068,-0.3177,1.0335,1.060,0.9176,0.9733,4.0068
photo,high,a1.0_t0.02_s0.5_r1_ab1,1.00,0.0200,0.50,1,1,5,-4.0043,-0.3166,1.0290,1.026,0.9208,0.9767,4.0043
photo,high,a1.0_t0.05_s0.5_r1_ab1,1.00,0.0500,0.50,1,1,5,-3.9998,-0.3192,1.0286,1.001,0.9212,0.9770,3.9998
photo,high,a1.0_t0.10_s0.5_r1_ab1,1.00,0.1000,0.50,1,1,5,-3.9746,-0.3157,1.0277,1.040,0.9229,0.9776,3.9746
photo,high,a1.0_t0.20_s0.5_r1_ab1,1.00,0.2000,0.50,1,1,5,-3.8911,-0.3505,1.0264,1.012,0.9260,0.9783,3.8911
photo,high,a0.5_t0.02_s0.5_r1_ab1,0.50,0.0200,0.50,1,1,5,-3.8481,-0.3867,1.0295,1.051,0.9220,0.9760,3.8481
photo,high,a0.5_t0.05_s0.5_r1_ab1,0.50,0.0500,0.50,1,1,5,-3.8328,-0.3969,1.0290,1.079,0.9228,0.9761,3.8328
photo,high,a0.5_t0.10_s0.5_r1_ab1,0.50,0.1000,0.50,1,1,5,-3.7917,-0.4217,1.0278,1.093,0.9250,0.9768,3.7917
photo,high,a2.0_t0.02_s0.7_r2_ab0,2.00,0.0200,0.70,2,0,5,-3.6750,-0.2958,1.0254,1.098,0.9282,0.9794,3.6750
photo,high,a2.0_t0.05_s0.7_r2_ab0,2.00,0.0500,0.70,2,0,5,-3.6538,-0.3197,1.0249,1.091,0.9292,0.9794,3.6538
photo,high,a0.5_t0.20_s0.5_r1_ab1,0.50,0.2000,0.50,1,1,5,-3.6453,-0.4255,1.0261,1.382,0.9293,0.9780,3.6453
photo,high,a2.0_t0.10_s0.7_r2_ab0,2.00,0.1000,0.70,2,0,5,-3.6063,-0.3309,1.0239,1.087,0.9312,0.9800,3.6063
photo,high,a1.0_t0.02_s0.7_r2_ab0,1.00,0.0200,0.70,2,0,5,-3.5691,-0.2837,1.0258,1.092,0.9288,0.9790,3.5691
photo,high,a0.5_t0.20_s0.5_r2_ab0,0.50,0.2000,0.50,2,0,5,-3.5514,-0.3028,1.0325,1.068,0.9227,0.9738,3.5514
photo,high,a1.0_t0.05_s0.7_r2_ab0,1.00,0.0500,0.70,2,0,5,-3.5330,-0.2950,1.0249,1.104,0.9306,0.9796,3.5330
photo,high,a0.5_t0.02_s0.7_r2_ab0,0.50,0.0200,0.70,2,0,5,-3.4482,-0.3707,1.0262,1.376,0.9297,0.9783,3.4482
photo,high,a2.0_t0.02_s0.5_r1_ab0,2.00,0.0200,0.50,1,0,5,-3.4462,-0.1989,1.0254,1.000,0.9308,0.9798,3.4462
photo,high,a1.0_t0.10_s0.7_r2_ab0,1.00,0.1000,0.70,2,0,5,-3.4379,-0.3056,1.0237,1.080,0.9337,0.9802,3.4379
photo,high,a2.0_t0.05_s0.5_r1_ab0,2.00,0.0500,0.50,1,0,5,-3.4250,-0.1912,1.0249,0.990,0.9317,0.9803,3.4250
photo,high,a0.5_t0.05_s0.7_r2_ab0,0.50,0.0500,0.70,2,0,5,-3.4028,-0.3494,1.0250,1.253,0.9321,0.9793,3.4028
photo,high,a2.0_t0.10_s0.5_r1_ab0,2.00,0.1000,0.50,1,0,5,-3.3743,-0.1806,1.0239,0.991,0.9336,0.9811,3.3743
photo,high,a1.0_t0.02_s0.5_r1_ab0,1.00,0.0200,0.50,1,0,5,-3.3533,-0.2011,1.0259,1.003,0.9310,0.9795,3.3533
photo,high,a1.0_t0.05_s0.5_r1_ab0,1.00,0.0500,0.50,1,0,5,-3.3050,-0.2096,1.0250,0.993,0.9328,0.9801,3.3050
photo,high,a0.5_t0.02_s0.5_r1_ab0,0.50,0.0200,0.50,1,0,5,-3.2534,-0.2518,1.0263,1.038,0.9319,0.9788,3.2534
photo,high,a0.5_t0.10_s0.7_r2_ab0,0.50,0.1000,0.70,2,0,5,-3.2481,-0.3635,1.0234,1.219,0.9362,0.9803,3.2481
photo,high,a1.0_t0.10_s0.5_r1_ab0,1.00,0.1000,0.50,1,0,5,-3.2192,-0.2298,1.0238,0.981,0.9358,0.9808,3.2192
photo,high,a0.5_t0.05_s0.5_r1_ab0,0.50,0.0500,0.50,1,0,5,-3.1941,-0.2464,1.0251,1.063,0.9342,0.9797,3.1941
photo,high,a1.0_t0.20_s0.7_r2_ab0,1.00,0.2000,0.70,2,0,5,-3.1421,-0.3603,1.0215,1.072,0.9392,0.9815,3.1421
photo,high,a0.5_t0.10_s0.5_r1_ab0,0.50,0.1000,0.50,1,0,5,-3.0530,-0.2851,1.0235,1.080,0.9382,0.9806,3.0530
photo,high,a1.0_t0.20_s0.5_r1_ab0,1.00,0.2000,0.50,1,0,5,-2.9533,-0.2455,1.0216,0.995,0.9410,0.9821,2.9533
photo,high,a0.5_t0.20_s0.7_r2_ab0,0.50,0.2000,0.70,2,0,5,-2.8456,-0.3662,1.0208,1.064,0.9428,0.9820,2.8456
photo,high,a0.5_t0.20_s0.5_r1_ab0,0.50,0.2000,0.50,1,0,5,-2.6451,-0.2959,1.0209,1.036,0.9447,0.9822,2.6451
photo,high,a2.0_t0.02_s0.7_r1_ab0,2.00,0.0200,0.70,1,0,5,-2.3150,-0.2291,1.0143,0.997,0.9558,0.9877,2.3150
photo,high,a2.0_t0.05_s0.7_r1_ab0,2.00,0.0500,0.70,1,0,5,-2.3022,-0.2198,1.0140,1.019,0.9564,0.9879,2.3022
photo,high,a2.0_t0.10_s0.7_r1_ab0,2.00,0.1000,0.70,1,0,5,-2.2717,-0.2511,1.0134,1.008,0.9576,0.9880,2.2717
photo,high,a1.0_t0.02_s0.7_r1_ab0,1.00,0.0200,0.70,1,0,5,-2.2508,-0.2618,1.0146,0.998,0.9561,0.9871,2.2508
photo,high,a1.0_t0.05_s0.7_r1_ab0,1.00,0.0500,0.70,1,0,5,-2.2206,-0.2563,1.0141,1.010,0.9572,0.9876,2.2206
photo,high,a0.5_t0.02_s0.7_r1_ab0,0.50,0.0200,0.70,1,0,5,-2.1698,-0.2697,1.0148,1.051,0.9569,0.9870,2.1698
photo,high,a1.0_t0.10_s0.7_r1_ab0,1.00,0.1000,0.70,1,0,5,-2.1634,-0.2434,1.0133,1.017,0.9592,0.9881,2.1634
photo,high,a0.5_t0.05_s0.7_r1_ab0,0.50,0.0500,0.70,1,0,5,-2.1349,-0.2613,1.0141,1.077,0.9583,0.9875,2.1349
photo,high,a0.5_t0.10_s0.7_r1_ab0,0.50,0.1000,0.70,1,0,5,-2.0516,-0.2611,1.0132,1.072,0.9607,0.9881,2.0516
photo,high,a1.0_t0.20_s0.7_r1_ab0,1.00,0.2000,0.70,1,0,5,-2.0193,-0.2827,1.0121,0.996,0.9623,0.9886,2.0193
photo,high,a0.5_t0.20_s0.7_r1_ab0,0.50,0.2000,0.70,1,0,5,-1.8270,-0.3003,1.0118,0.976,0.9647,0.9888,1.8270
