config,alpha,threshold,shrink,retries,bbs_bd_photo,bbs_bd_screenshot,bbs_bd_lineart,bbs_bd_synthetic,bbs_bd_overall,ssim2_bd_photo,ssim2_bd_screenshot,ssim2_bd_lineart,ssim2_bd_synthetic,ssim2_bd_overall,composite_score,encode_ms_ratio
a1.00_t0.05_s0.50_r1,1.0000,0.0500,0.5000,1,-3.7624,-2.5813,-8.0924,NA,-5.2582,+0.2072,-0.0261,-3.4958,NA,-1.3207,5.2582,1.302
a1.00_t0.05_s0.70_r1,1.0000,0.0500,0.7000,1,-2.3791,-1.6944,-4.2407,NA,-2.9868,-0.0157,-0.0993,+0.5033,NA,+0.1752,2.1109,1.320
a1.00_t0.05_s0.85_r1,1.0000,0.0500,0.8500,1,-1.2486,-0.9595,-0.1972,NA,-0.7702,-0.1334,+0.0711,-0.1444,NA,-0.0969,0.7702,1.317
a1.00_t0.10_s0.50_r1,1.0000,0.1000,0.5000,1,-3.7517,-2.4139,-7.4266,NA,-4.9541,+0.2031,+0.2543,-3.3732,NA,-1.2172,4.9541,1.285
a1.00_t0.10_s0.70_r1,1.0000,0.1000,0.7000,1,-2.3873,-1.5845,-4.2643,NA,-2.9775,-0.0371,+0.0295,+0.3826,NA,+0.1441,2.2571,1.300
a1.00_t0.10_s0.85_r1,1.0000,0.1000,0.8500,1,-1.2322,-0.8567,-0.1995,NA,-0.7440,-0.1168,+0.1991,-0.4358,NA,-0.1812,0.7440,1.304
a1.00_t0.20_s0.50_r1,1.0000,0.2000,0.5000,1,-3.6391,-2.1508,-5.3981,NA,-4.0450,+0.2366,+0.2475,-1.9142,NA,-0.6215,4.0450,1.295
a1.00_t0.20_s0.70_r1,1.0000,0.2000,0.7000,1,-2.3282,-1.3718,-2.8900,NA,-2.3616,-0.0046,+0.2003,+0.7592,NA,+0.3419,0.6520,1.298
a1.00_t0.20_s0.85_r1,1.0000,0.2000,0.8500,1,-1.2193,-0.6952,+0.3754,NA,-0.4766,-0.1075,+0.3392,-0.2319,NA,-0.0679,0.4766,1.287
