image	quality	mode	x_mul	y_mul	b_mul	size	ssim2
1001682	75	ycbcr	-	-	-	38109	73.19
1001682	75	xyb_0.5	0.5	0.5	0.5	37934	72.76
1001682	75	xyb_tuned_v2	-	-	-	38414	73.46
1001682	75	sweep_y	0.6	0.3	0.9	39867	73.35
1001682	75	sweep_y	0.6	0.4	0.9	38890	72.88
1001682	75	sweep_y	0.6	0.5	0.9	37870	72.38
1001682	75	sweep_y	0.6	0.6	0.9	36965	71.79
1001682	75	sweep_y	0.6	0.7	0.9	36087	71.21
1001682	75	sweep_y	0.6	0.8	0.9	35302	70.59
1001682	75	sweep_y	0.6	0.9	0.9	34502	69.97
1001682	75	sweep_y	0.6	1.0	0.9	33730	69.29
1001682	75	sweep_y	0.6	1.1	0.9	32998	68.59
1001682	75	sweep_y	0.6	1.2	0.9	32262	67.97
1001682	75	sweep_x	0.3	0.5	0.9	38086	72.66
1001682	75	sweep_x	0.4	0.5	0.9	37995	72.55
1001682	75	sweep_x	0.5	0.5	0.9	37919	72.48
1001682	75	sweep_x	0.6	0.5	0.9	37870	72.38
1001682	75	sweep_x	0.7	0.5	0.9	37845	72.33
1001682	75	sweep_x	0.8	0.5	0.9	37818	72.27
1001682	75	sweep_x	0.9	0.5	0.9	37792	72.20
1001682	75	sweep_x	1.0	0.5	0.9	37760	72.09
1001682	75	sweep_x	1.1	0.5	0.9	37746	72.09
1001682	75	sweep_x	1.2	0.5	0.9	37731	72.04
1001682	75	sweep_b	0.6	0.5	0.3	37889	72.75
1001682	75	sweep_b	0.6	0.5	0.4	37885	72.68
1001682	75	sweep_b	0.6	0.5	0.5	37882	72.66
1001682	75	sweep_b	0.6	0.5	0.6	37880	72.53
1001682	75	sweep_b	0.6	0.5	0.7	37876	72.49
1001682	75	sweep_b	0.6	0.5	0.8	37871	72.41
1001682	75	sweep_b	0.6	0.5	0.9	37870	72.38
1001682	75	sweep_b	0.6	0.5	1.0	37867	72.32
1001682	75	sweep_b	0.6	0.5	1.1	37866	72.32
1001682	75	sweep_b	0.6	0.5	1.2	37866	72.31
1001682	85	ycbcr	-	-	-	51383	78.97
1001682	85	xyb_0.5	0.5	0.5	0.5	51241	78.40
1001682	85	xyb_tuned_v2	-	-	-	52508	79.33
1001682	85	sweep_y	0.6	0.3	0.9	53006	78.44
1001682	85	sweep_y	0.6	0.4	0.9	52109	78.18
1001682	85	sweep_y	0.6	0.5	0.9	51122	77.83
1001682	85	sweep_y	0.6	0.6	0.9	50149	77.59
1001682	85	sweep_y	0.6	0.7	0.9	49282	77.21
1001682	85	sweep_y	0.6	0.8	0.9	48336	76.81
1001682	85	sweep_y	0.6	0.9	0.9	47496	76.43
1001682	85	sweep_y	0.6	1.0	0.9	46678	76.15
1001682	85	sweep_y	0.6	1.1	0.9	45840	75.72
1001682	85	sweep_y	0.6	1.2	0.9	45047	75.30
1001682	85	sweep_x	0.3	0.5	0.9	51487	78.14
1001682	85	sweep_x	0.4	0.5	0.9	51348	78.03
1001682	85	sweep_x	0.5	0.5	0.9	51218	77.96
1001682	85	sweep_x	0.6	0.5	0.9	51122	77.83
1001682	85	sweep_x	0.7	0.5	0.9	51040	77.76
1001682	85	sweep_x	0.8	0.5	0.9	50953	77.69
1001682	85	sweep_x	0.9	0.5	0.9	50878	77.58
1001682	85	sweep_x	1.0	0.5	0.9	50834	77.48
1001682	85	sweep_x	1.1	0.5	0.9	50775	77.37
1001682	85	sweep_x	1.2	0.5	0.9	50744	77.30
1001682	85	sweep_b	0.6	0.5	0.3	51170	78.47
1001682	85	sweep_b	0.6	0.5	0.4	51156	78.40
1001682	85	sweep_b	0.6	0.5	0.5	51147	78.32
1001682	85	sweep_b	0.6	0.5	0.6	51135	77.96
1001682	85	sweep_b	0.6	0.5	0.7	51128	77.97
1001682	85	sweep_b	0.6	0.5	0.8	51125	77.95
1001682	85	sweep_b	0.6	0.5	0.9	51122	77.83
1001682	85	sweep_b	0.6	0.5	1.0	51121	77.82
1001682	85	sweep_b	0.6	0.5	1.1	51119	77.69
1001682	85	sweep_b	0.6	0.5	1.2	51118	77.68
1001682	95	ycbcr	-	-	-	94390	87.16
1001682	95	xyb_0.5	0.5	0.5	0.5	90485	86.87
1001682	95	xyb_tuned_v2	-	-	-	91887	87.10
1001682	95	sweep_y	0.6	0.3	0.9	91245	86.42
1001682	95	sweep_y	0.6	0.4	0.9	90591	86.44
1001682	95	sweep_y	0.6	0.5	0.9	89919	86.30
1001682	95	sweep_y	0.6	0.6	0.9	89245	86.17
1001682	95	sweep_y	0.6	0.7	0.9	88363	86.06
1001682	95	sweep_y	0.6	0.8	0.9	87575	86.15
1001682	95	sweep_y	0.6	0.9	0.9	86864	85.99
1001682	95	sweep_y	0.6	1.0	0.9	86095	85.92
1001682	95	sweep_y	0.6	1.1	0.9	85272	85.91
1001682	95	sweep_y	0.6	1.2	0.9	84478	85.77
1001682	95	sweep_x	0.3	0.5	0.9	91297	86.49
1001682	95	sweep_x	0.4	0.5	0.9	90795	86.43
1001682	95	sweep_x	0.5	0.5	0.9	90334	86.34
1001682	95	sweep_x	0.6	0.5	0.9	89919	86.30
1001682	95	sweep_x	0.7	0.5	0.9	89542	86.24
1001682	95	sweep_x	0.8	0.5	0.9	89194	86.13
1001682	95	sweep_x	0.9	0.5	0.9	88894	86.06
1001682	95	sweep_x	1.0	0.5	0.9	88596	85.96
1001682	95	sweep_x	1.1	0.5	0.9	88354	85.89
1001682	95	sweep_x	1.2	0.5	0.9	88120	85.78
1001682	95	sweep_b	0.6	0.5	0.3	90185	86.93
1001682	95	sweep_b	0.6	0.5	0.4	90114	86.91
1001682	95	sweep_b	0.6	0.5	0.5	90067	86.82
1001682	95	sweep_b	0.6	0.5	0.6	90030	86.66
1001682	95	sweep_b	0.6	0.5	0.7	90006	86.57
1001682	95	sweep_b	0.6	0.5	0.8	89952	86.45
1001682	95	sweep_b	0.6	0.5	0.9	89919	86.30
1001682	95	sweep_b	0.6	0.5	1.0	89894	86.25
1001682	95	sweep_b	0.6	0.5	1.1	89857	86.17
1001682	95	sweep_b	0.6	0.5	1.2	89841	86.21
1025469	75	ycbcr	-	-	-	19068	71.49
1025469	75	xyb_0.5	0.5	0.5	0.5	19717	68.44
1025469	75	xyb_tuned_v2	-	-	-	20282	69.77
1025469	75	sweep_y	0.6	0.3	0.9	20661	69.40
1025469	75	sweep_y	0.6	0.4	0.9	20111	68.77
1025469	75	sweep_y	0.6	0.5	0.9	19648	68.17
1025469	75	sweep_y	0.6	0.6	0.9	19198	67.40
1025469	75	sweep_y	0.6	0.7	0.9	18773	66.76
1025469	75	sweep_y	0.6	0.8	0.9	18403	66.09
1025469	75	sweep_y	0.6	0.9	0.9	18012	65.29
1025469	75	sweep_y	0.6	1.0	0.9	17653	64.52
1025469	75	sweep_y	0.6	1.1	0.9	17308	63.80
1025469	75	sweep_y	0.6	1.2	0.9	16975	63.02
1025469	75	sweep_x	0.3	0.5	0.9	19696	68.30
1025469	75	sweep_x	0.4	0.5	0.9	19680	68.24
1025469	75	sweep_x	0.5	0.5	0.9	19665	68.22
1025469	75	sweep_x	0.6	0.5	0.9	19648	68.17
1025469	75	sweep_x	0.7	0.5	0.9	19625	68.06
1025469	75	sweep_x	0.8	0.5	0.9	19610	67.98
1025469	75	sweep_x	0.9	0.5	0.9	19592	67.82
1025469	75	sweep_x	1.0	0.5	0.9	19572	67.69
1025469	75	sweep_x	1.1	0.5	0.9	19559	67.66
1025469	75	sweep_x	1.2	0.5	0.9	19548	67.61
1025469	75	sweep_b	0.6	0.5	0.3	19750	68.61
1025469	75	sweep_b	0.6	0.5	0.4	19729	68.54
1025469	75	sweep_b	0.6	0.5	0.5	19700	68.39
1025469	75	sweep_b	0.6	0.5	0.6	19693	68.33
1025469	75	sweep_b	0.6	0.5	0.7	19683	68.26
1025469	75	sweep_b	0.6	0.5	0.8	19665	68.22
1025469	75	sweep_b	0.6	0.5	0.9	19648	68.17
1025469	75	sweep_b	0.6	0.5	1.0	19638	68.14
1025469	75	sweep_b	0.6	0.5	1.1	19631	68.14
1025469	75	sweep_b	0.6	0.5	1.2	19628	68.07
1025469	85	ycbcr	-	-	-	25678	77.50
1025469	85	xyb_0.5	0.5	0.5	0.5	27083	75.79
1025469	85	xyb_tuned_v2	-	-	-	28114	76.61
1025469	85	sweep_y	0.6	0.3	0.9	28124	75.88
1025469	85	sweep_y	0.6	0.4	0.9	27559	75.60
1025469	85	sweep_y	0.6	0.5	0.9	26976	75.32
1025469	85	sweep_y	0.6	0.6	0.9	26446	74.96
1025469	85	sweep_y	0.6	0.7	0.9	25946	74.59
1025469	85	sweep_y	0.6	0.8	0.9	25472	74.12
1025469	85	sweep_y	0.6	0.9	0.9	25037	73.62
1025469	85	sweep_y	0.6	1.0	0.9	24640	73.24
1025469	85	sweep_y	0.6	1.1	0.9	24267	72.79
1025469	85	sweep_y	0.6	1.2	0.9	23882	72.36
1025469	85	sweep_x	0.3	0.5	0.9	27043	75.42
1025469	85	sweep_x	0.4	0.5	0.9	27022	75.39
1025469	85	sweep_x	0.5	0.5	0.9	26996	75.36
1025469	85	sweep_x	0.6	0.5	0.9	26976	75.32
1025469	85	sweep_x	0.7	0.5	0.9	26946	75.28
1025469	85	sweep_x	0.8	0.5	0.9	26918	75.25
1025469	85	sweep_x	0.9	0.5	0.9	26900	75.20
1025469	85	sweep_x	1.0	0.5	0.9	26895	75.17
1025469	85	sweep_x	1.1	0.5	0.9	26883	75.10
1025469	85	sweep_x	1.2	0.5	0.9	26870	75.09
1025469	85	sweep_b	0.6	0.5	0.3	27112	76.07
1025469	85	sweep_b	0.6	0.5	0.4	27082	75.77
1025469	85	sweep_b	0.6	0.5	0.5	27061	75.75
1025469	85	sweep_b	0.6	0.5	0.6	27046	75.67
1025469	85	sweep_b	0.6	0.5	0.7	27031	75.63
1025469	85	sweep_b	0.6	0.5	0.8	26992	75.65
1025469	85	sweep_b	0.6	0.5	0.9	26976	75.32
1025469	85	sweep_b	0.6	0.5	1.0	26964	75.01
1025469	85	sweep_b	0.6	0.5	1.1	26957	74.99
1025469	85	sweep_b	0.6	0.5	1.2	26947	74.88
1025469	95	ycbcr	-	-	-	51363	85.85
1025469	95	xyb_0.5	0.5	0.5	0.5	53799	84.87
1025469	95	xyb_tuned_v2	-	-	-	54760	84.84
1025469	95	sweep_y	0.6	0.3	0.9	54435	84.72
1025469	95	sweep_y	0.6	0.4	0.9	54012	84.71
1025469	95	sweep_y	0.6	0.5	0.9	53649	84.69
1025469	95	sweep_y	0.6	0.6	0.9	53181	84.55
1025469	95	sweep_y	0.6	0.7	0.9	52745	84.48
1025469	95	sweep_y	0.6	0.8	0.9	52288	84.43
1025469	95	sweep_y	0.6	0.9	0.9	51837	84.36
1025469	95	sweep_y	0.6	1.0	0.9	51384	84.32
1025469	95	sweep_y	0.6	1.1	0.9	50993	84.27
1025469	95	sweep_y	0.6	1.2	0.9	50592	84.23
1025469	95	sweep_x	0.3	0.5	0.9	53838	84.77
1025469	95	sweep_x	0.4	0.5	0.9	53771	84.75
1025469	95	sweep_x	0.5	0.5	0.9	53709	84.70
1025469	95	sweep_x	0.6	0.5	0.9	53649	84.69
1025469	95	sweep_x	0.7	0.5	0.9	53611	84.67
1025469	95	sweep_x	0.8	0.5	0.9	53557	84.64
1025469	95	sweep_x	0.9	0.5	0.9	53508	84.60
1025469	95	sweep_x	1.0	0.5	0.9	53462	84.59
1025469	95	sweep_x	1.1	0.5	0.9	53421	84.55
1025469	95	sweep_x	1.2	0.5	0.9	53387	84.54
1025469	95	sweep_b	0.6	0.5	0.3	53806	84.95
1025469	95	sweep_b	0.6	0.5	0.4	53771	84.96
1025469	95	sweep_b	0.6	0.5	0.5	53747	84.84
1025469	95	sweep_b	0.6	0.5	0.6	53722	84.75
1025469	95	sweep_b	0.6	0.5	0.7	53692	84.71
1025469	95	sweep_b	0.6	0.5	0.8	53671	84.67
1025469	95	sweep_b	0.6	0.5	0.9	53649	84.69
1025469	95	sweep_b	0.6	0.5	1.0	53632	84.45
1025469	95	sweep_b	0.6	0.5	1.1	53617	84.45
1025469	95	sweep_b	0.6	0.5	1.2	53604	84.20
1080721	75	ycbcr	-	-	-	28154	79.08
1080721	75	xyb_0.5	0.5	0.5	0.5	27901	76.38
1080721	75	xyb_tuned_v2	-	-	-	28317	76.96
1080721	75	sweep_y	0.6	0.3	0.9	29011	76.73
1080721	75	sweep_y	0.6	0.4	0.9	28433	76.43
1080721	75	sweep_y	0.6	0.5	0.9	27923	76.07
1080721	75	sweep_y	0.6	0.6	0.9	27410	75.72
1080721	75	sweep_y	0.6	0.7	0.9	26931	75.32
1080721	75	sweep_y	0.6	0.8	0.9	26391	74.87
1080721	75	sweep_y	0.6	0.9	0.9	25959	74.47
1080721	75	sweep_y	0.6	1.0	0.9	25562	74.04
1080721	75	sweep_y	0.6	1.1	0.9	25187	73.61
1080721	75	sweep_y	0.6	1.2	0.9	24806	73.26
1080721	75	sweep_x	0.3	0.5	0.9	27895	76.20
1080721	75	sweep_x	0.4	0.5	0.9	27880	76.12
1080721	75	sweep_x	0.5	0.5	0.9	27868	76.12
1080721	75	sweep_x	0.6	0.5	0.9	27923	76.07
1080721	75	sweep_x	0.7	0.5	0.9	27915	76.04
1080721	75	sweep_x	0.8	0.5	0.9	27909	76.06
1080721	75	sweep_x	0.9	0.5	0.9	27905	75.98
1080721	75	sweep_x	1.0	0.5	0.9	27900	75.97
1080721	75	sweep_x	1.1	0.5	0.9	27878	75.92
1080721	75	sweep_x	1.2	0.5	0.9	27875	75.92
1080721	75	sweep_b	0.6	0.5	0.3	27968	76.50
1080721	75	sweep_b	0.6	0.5	0.4	27954	76.45
1080721	75	sweep_b	0.6	0.5	0.5	27936	76.36
1080721	75	sweep_b	0.6	0.5	0.6	27956	76.29
1080721	75	sweep_b	0.6	0.5	0.7	27934	76.21
1080721	75	sweep_b	0.6	0.5	0.8	27928	76.09
1080721	75	sweep_b	0.6	0.5	0.9	27923	76.07
1080721	75	sweep_b	0.6	0.5	1.0	27905	76.07
1080721	75	sweep_b	0.6	0.5	1.1	27891	75.92
1080721	75	sweep_b	0.6	0.5	1.2	27887	75.83
1080721	85	ycbcr	-	-	-	36153	82.64
1080721	85	xyb_0.5	0.5	0.5	0.5	36370	81.13
1080721	85	xyb_tuned_v2	-	-	-	37280	81.60
1080721	85	sweep_y	0.6	0.3	0.9	37315	81.18
1080721	85	sweep_y	0.6	0.4	0.9	36757	80.99
1080721	85	sweep_y	0.6	0.5	0.9	36262	80.82
1080721	85	sweep_y	0.6	0.6	0.9	35747	80.66
1080721	85	sweep_y	0.6	0.7	0.9	35260	80.42
1080721	85	sweep_y	0.6	0.8	0.9	34847	80.22
1080721	85	sweep_y	0.6	0.9	0.9	34414	80.05
1080721	85	sweep_y	0.6	1.0	0.9	34013	79.85
1080721	85	sweep_y	0.6	1.1	0.9	33649	79.60
1080721	85	sweep_y	0.6	1.2	0.9	33213	79.34
1080721	85	sweep_x	0.3	0.5	0.9	36408	80.91
1080721	85	sweep_x	0.4	0.5	0.9	36347	80.94
1080721	85	sweep_x	0.5	0.5	0.9	36303	80.91
1080721	85	sweep_x	0.6	0.5	0.9	36262	80.82
1080721	85	sweep_x	0.7	0.5	0.9	36238	80.67
1080721	85	sweep_x	0.8	0.5	0.9	36220	80.60
1080721	85	sweep_x	0.9	0.5	0.9	36210	80.62
1080721	85	sweep_x	1.0	0.5	0.9	36203	80.59
1080721	85	sweep_x	1.1	0.5	0.9	36195	80.57
1080721	85	sweep_x	1.2	0.5	0.9	36197	80.56
1080721	85	sweep_b	0.6	0.5	0.3	36363	81.17
1080721	85	sweep_b	0.6	0.5	0.4	36347	81.05
1080721	85	sweep_b	0.6	0.5	0.5	36338	81.02
1080721	85	sweep_b	0.6	0.5	0.6	36308	80.94
1080721	85	sweep_b	0.6	0.5	0.7	36284	80.91
1080721	85	sweep_b	0.6	0.5	0.8	36273	80.83
1080721	85	sweep_b	0.6	0.5	0.9	36262	80.82
1080721	85	sweep_b	0.6	0.5	1.0	36256	80.77
1080721	85	sweep_b	0.6	0.5	1.1	36243	80.71
1080721	85	sweep_b	0.6	0.5	1.2	36232	80.67
1080721	95	ycbcr	-	-	-	63924	88.02
1080721	95	xyb_0.5	0.5	0.5	0.5	62714	87.37
1080721	95	xyb_tuned_v2	-	-	-	63661	87.47
1080721	95	sweep_y	0.6	0.3	0.9	63118	87.28
1080721	95	sweep_y	0.6	0.4	0.9	62778	87.34
1080721	95	sweep_y	0.6	0.5	0.9	62433	87.31
1080721	95	sweep_y	0.6	0.6	0.9	62070	87.30
1080721	95	sweep_y	0.6	0.7	0.9	61760	87.25
1080721	95	sweep_y	0.6	0.8	0.9	61434	87.18
1080721	95	sweep_y	0.6	0.9	0.9	61146	87.13
1080721	95	sweep_y	0.6	1.0	0.9	60788	87.14
1080721	95	sweep_y	0.6	1.1	0.9	60431	87.10
1080721	95	sweep_y	0.6	1.2	0.9	60073	87.02
1080721	95	sweep_x	0.3	0.5	0.9	62959	87.42
1080721	95	sweep_x	0.4	0.5	0.9	62766	87.40
1080721	95	sweep_x	0.5	0.5	0.9	62592	87.33
1080721	95	sweep_x	0.6	0.5	0.9	62433	87.31
1080721	95	sweep_x	0.7	0.5	0.9	62280	87.33
1080721	95	sweep_x	0.8	0.5	0.9	62157	87.29
1080721	95	sweep_x	0.9	0.5	0.9	62043	87.18
1080721	95	sweep_x	1.0	0.5	0.9	61944	87.17
1080721	95	sweep_x	1.1	0.5	0.9	61844	87.09
1080721	95	sweep_x	1.2	0.5	0.9	61743	86.98
1080721	95	sweep_b	0.6	0.5	0.3	62628	87.59
1080721	95	sweep_b	0.6	0.5	0.4	62591	87.34
1080721	95	sweep_b	0.6	0.5	0.5	62561	87.36
1080721	95	sweep_b	0.6	0.5	0.6	62530	87.23
1080721	95	sweep_b	0.6	0.5	0.7	62491	87.34
1080721	95	sweep_b	0.6	0.5	0.8	62464	87.29
1080721	95	sweep_b	0.6	0.5	0.9	62433	87.31
1080721	95	sweep_b	0.6	0.5	1.0	62411	87.09
1080721	95	sweep_b	0.6	0.5	1.1	62392	86.97
1080721	95	sweep_b	0.6	0.5	1.2	62379	86.96
1089930	75	ycbcr	-	-	-	27483	77.18
1089930	75	xyb_0.5	0.5	0.5	0.5	26435	73.16
1089930	75	xyb_tuned_v2	-	-	-	27239	74.14
1089930	75	sweep_y	0.6	0.3	0.9	27517	72.98
1089930	75	sweep_y	0.6	0.4	0.9	26889	72.62
1089930	75	sweep_y	0.6	0.5	0.9	26328	72.23
1089930	75	sweep_y	0.6	0.6	0.9	25826	71.76
1089930	75	sweep_y	0.6	0.7	0.9	25369	71.34
1089930	75	sweep_y	0.6	0.8	0.9	24905	70.88
1089930	75	sweep_y	0.6	0.9	0.9	24528	70.51
1089930	75	sweep_y	0.6	1.0	0.9	24139	70.07
1089930	75	sweep_y	0.6	1.1	0.9	23784	69.72
1089930	75	sweep_y	0.6	1.2	0.9	23442	69.31
1089930	75	sweep_x	0.3	0.5	0.9	26580	72.60
1089930	75	sweep_x	0.4	0.5	0.9	26496	72.44
1089930	75	sweep_x	0.5	0.5	0.9	26385	72.33
1089930	75	sweep_x	0.6	0.5	0.9	26328	72.23
1089930	75	sweep_x	0.7	0.5	0.9	26252	72.13
1089930	75	sweep_x	0.8	0.5	0.9	26192	71.98
1089930	75	sweep_x	0.9	0.5	0.9	26142	71.91
1089930	75	sweep_x	1.0	0.5	0.9	26102	71.87
1089930	75	sweep_x	1.1	0.5	0.9	26065	71.80
1089930	75	sweep_x	1.2	0.5	0.9	26036	71.80
1089930	75	sweep_b	0.6	0.5	0.3	26437	73.59
1089930	75	sweep_b	0.6	0.5	0.4	26404	73.28
1089930	75	sweep_b	0.6	0.5	0.5	26377	73.06
1089930	75	sweep_b	0.6	0.5	0.6	26358	72.91
1089930	75	sweep_b	0.6	0.5	0.7	26354	72.45
1089930	75	sweep_b	0.6	0.5	0.8	26337	72.38
1089930	75	sweep_b	0.6	0.5	0.9	26328	72.23
1089930	75	sweep_b	0.6	0.5	1.0	26317	71.93
1089930	75	sweep_b	0.6	0.5	1.1	26303	71.79
1089930	75	sweep_b	0.6	0.5	1.2	26286	71.57
1089930	85	ycbcr	-	-	-	35672	81.10
1089930	85	xyb_0.5	0.5	0.5	0.5	35471	78.67
1089930	85	xyb_tuned_v2	-	-	-	36706	79.41
1089930	85	sweep_y	0.6	0.3	0.9	36516	78.17
1089930	85	sweep_y	0.6	0.4	0.9	35951	77.98
1089930	85	sweep_y	0.6	0.5	0.9	35332	77.70
1089930	85	sweep_y	0.6	0.6	0.9	34715	77.51
1089930	85	sweep_y	0.6	0.7	0.9	34180	77.24
1089930	85	sweep_y	0.6	0.8	0.9	33706	76.92
1089930	85	sweep_y	0.6	0.9	0.9	33153	76.65
1089930	85	sweep_y	0.6	1.0	0.9	32663	76.38
1089930	85	sweep_y	0.6	1.1	0.9	32240	76.12
1089930	85	sweep_y	0.6	1.2	0.9	31843	75.82
1089930	85	sweep_x	0.3	0.5	0.9	35616	78.03
1089930	85	sweep_x	0.4	0.5	0.9	35503	77.95
1089930	85	sweep_x	0.5	0.5	0.9	35392	77.81
1089930	85	sweep_x	0.6	0.5	0.9	35332	77.70
1089930	85	sweep_x	0.7	0.5	0.9	35250	77.63
1089930	85	sweep_x	0.8	0.5	0.9	35188	77.46
1089930	85	sweep_x	0.9	0.5	0.9	35127	77.35
1089930	85	sweep_x	1.0	0.5	0.9	35059	77.24
1089930	85	sweep_x	1.1	0.5	0.9	34999	77.17
1089930	85	sweep_x	1.2	0.5	0.9	34933	77.08
1089930	85	sweep_b	0.6	0.5	0.3	35462	79.03
1089930	85	sweep_b	0.6	0.5	0.4	35440	78.87
1089930	85	sweep_b	0.6	0.5	0.5	35406	78.55
1089930	85	sweep_b	0.6	0.5	0.6	35388	78.40
1089930	85	sweep_b	0.6	0.5	0.7	35363	77.93
1089930	85	sweep_b	0.6	0.5	0.8	35347	77.83
1089930	85	sweep_b	0.6	0.5	0.9	35332	77.70
1089930	85	sweep_b	0.6	0.5	1.0	35319	77.67
1089930	85	sweep_b	0.6	0.5	1.1	35304	77.27
1089930	85	sweep_b	0.6	0.5	1.2	35284	77.10
1089930	95	ycbcr	-	-	-	67385	87.93
1089930	95	xyb_0.5	0.5	0.5	0.5	67593	86.68
1089930	95	xyb_tuned_v2	-	-	-	68948	86.84
1089930	95	sweep_y	0.6	0.3	0.9	68378	86.61
1089930	95	sweep_y	0.6	0.4	0.9	67846	86.53
1089930	95	sweep_y	0.6	0.5	0.9	67315	86.44
1089930	95	sweep_y	0.6	0.6	0.9	66808	86.37
1089930	95	sweep_y	0.6	0.7	0.9	66311	86.37
1089930	95	sweep_y	0.6	0.8	0.9	65782	86.28
1089930	95	sweep_y	0.6	0.9	0.9	65306	86.23
1089930	95	sweep_y	0.6	1.0	0.9	64798	86.18
1089930	95	sweep_y	0.6	1.1	0.9	64252	86.13
1089930	95	sweep_y	0.6	1.2	0.9	63784	86.05
1089930	95	sweep_x	0.3	0.5	0.9	67876	86.56
1089930	95	sweep_x	0.4	0.5	0.9	67674	86.57
1089930	95	sweep_x	0.5	0.5	0.9	67491	86.50
1089930	95	sweep_x	0.6	0.5	0.9	67315	86.44
1089930	95	sweep_x	0.7	0.5	0.9	67151	86.36
1089930	95	sweep_x	0.8	0.5	0.9	67015	86.38
1089930	95	sweep_x	0.9	0.5	0.9	66862	86.28
1089930	95	sweep_x	1.0	0.5	0.9	66750	86.22
1089930	95	sweep_x	1.1	0.5	0.9	66620	86.17
1089930	95	sweep_x	1.2	0.5	0.9	66500	86.15
1089930	95	sweep_b	0.6	0.5	0.3	67502	86.79
1089930	95	sweep_b	0.6	0.5	0.4	67462	86.69
1089930	95	sweep_b	0.6	0.5	0.5	67424	86.61
1089930	95	sweep_b	0.6	0.5	0.6	67389	86.50
1089930	95	sweep_b	0.6	0.5	0.7	67364	86.50
1089930	95	sweep_b	0.6	0.5	0.8	67338	86.45
1089930	95	sweep_b	0.6	0.5	0.9	67315	86.44
1089930	95	sweep_b	0.6	0.5	1.0	67285	86.21
1089930	95	sweep_b	0.6	0.5	1.1	67260	86.10
1089930	95	sweep_b	0.6	0.5	1.2	67239	86.07
1420710	75	ycbcr	-	-	-	60919	77.51
1420710	75	xyb_0.5	0.5	0.5	0.5	64908	75.65
1420710	75	xyb_tuned_v2	-	-	-	64978	76.08
1420710	75	sweep_y	0.6	0.3	0.9	67975	75.57
1420710	75	sweep_y	0.6	0.4	0.9	66372	75.23
1420710	75	sweep_y	0.6	0.5	0.9	64789	74.89
1420710	75	sweep_y	0.6	0.6	0.9	63161	74.47
1420710	75	sweep_y	0.6	0.7	0.9	61623	74.07
1420710	75	sweep_y	0.6	0.8	0.9	60223	73.67
1420710	75	sweep_y	0.6	0.9	0.9	58916	73.30
1420710	75	sweep_y	0.6	1.0	0.9	57616	72.87
1420710	75	sweep_y	0.6	1.1	0.9	56383	72.50
1420710	75	sweep_y	0.6	1.2	0.9	55194	72.10
1420710	75	sweep_x	0.3	0.5	0.9	64992	75.01
1420710	75	sweep_x	0.4	0.5	0.9	64906	74.97
1420710	75	sweep_x	0.5	0.5	0.9	64844	74.93
1420710	75	sweep_x	0.6	0.5	0.9	64789	74.89
1420710	75	sweep_x	0.7	0.5	0.9	64753	74.86
1420710	75	sweep_x	0.8	0.5	0.9	64715	74.82
1420710	75	sweep_x	0.9	0.5	0.9	64708	74.81
1420710	75	sweep_x	1.0	0.5	0.9	64693	74.80
1420710	75	sweep_x	1.1	0.5	0.9	64688	74.79
1420710	75	sweep_x	1.2	0.5	0.9	64701	74.79
1420710	75	sweep_b	0.6	0.5	0.3	64921	76.00
1420710	75	sweep_b	0.6	0.5	0.4	64881	75.76
1420710	75	sweep_b	0.6	0.5	0.5	64859	75.62
1420710	75	sweep_b	0.6	0.5	0.6	64827	75.22
1420710	75	sweep_b	0.6	0.5	0.7	64811	75.08
1420710	75	sweep_b	0.6	0.5	0.8	64797	74.94
1420710	75	sweep_b	0.6	0.5	0.9	64789	74.89
1420710	75	sweep_b	0.6	0.5	1.0	64778	74.78
1420710	75	sweep_b	0.6	0.5	1.1	64778	74.78
1420710	75	sweep_b	0.6	0.5	1.2	64775	74.75
1420710	85	ycbcr	-	-	-	81746	82.41
1420710	85	xyb_0.5	0.5	0.5	0.5	86947	80.45
1420710	85	xyb_tuned_v2	-	-	-	88552	80.98
1420710	85	sweep_y	0.6	0.3	0.9	89783	80.11
1420710	85	sweep_y	0.6	0.4	0.9	88315	79.88
1420710	85	sweep_y	0.6	0.5	0.9	86708	79.66
1420710	85	sweep_y	0.6	0.6	0.9	85153	79.37
1420710	85	sweep_y	0.6	0.7	0.9	83608	79.13
1420710	85	sweep_y	0.6	0.8	0.9	82040	78.87
1420710	85	sweep_y	0.6	0.9	0.9	80546	78.59
1420710	85	sweep_y	0.6	1.0	0.9	79116	78.30
1420710	85	sweep_y	0.6	1.1	0.9	77729	78.02
1420710	85	sweep_y	0.6	1.2	0.9	76378	77.76
1420710	85	sweep_x	0.3	0.5	0.9	87143	79.86
1420710	85	sweep_x	0.4	0.5	0.9	86967	79.79
1420710	85	sweep_x	0.5	0.5	0.9	86812	79.74
1420710	85	sweep_x	0.6	0.5	0.9	86708	79.66
1420710	85	sweep_x	0.7	0.5	0.9	86590	79.60
1420710	85	sweep_x	0.8	0.5	0.9	86519	79.54
1420710	85	sweep_x	0.9	0.5	0.9	86466	79.51
1420710	85	sweep_x	1.0	0.5	0.9	86412	79.43
1420710	85	sweep_x	1.1	0.5	0.9	86374	79.39
1420710	85	sweep_x	1.2	0.5	0.9	86348	79.39
1420710	85	sweep_b	0.6	0.5	0.3	86946	80.87
1420710	85	sweep_b	0.6	0.5	0.4	86897	80.67
1420710	85	sweep_b	0.6	0.5	0.5	86852	80.41
1420710	85	sweep_b	0.6	0.5	0.6	86802	80.13
1420710	85	sweep_b	0.6	0.5	0.7	86775	80.05
1420710	85	sweep_b	0.6	0.5	0.8	86740	79.86
1420710	85	sweep_b	0.6	0.5	0.9	86708	79.66
1420710	85	sweep_b	0.6	0.5	1.0	86684	79.39
1420710	85	sweep_b	0.6	0.5	1.1	86660	79.00
1420710	85	sweep_b	0.6	0.5	1.2	86641	78.80
1420710	95	ycbcr	-	-	-	147510	90.26
1420710	95	xyb_0.5	0.5	0.5	0.5	146994	89.40
1420710	95	xyb_tuned_v2	-	-	-	148469	89.73
1420710	95	sweep_y	0.6	0.3	0.9	147291	88.73
1420710	95	sweep_y	0.6	0.4	0.9	146668	88.70
1420710	95	sweep_y	0.6	0.5	0.9	146051	88.56
1420710	95	sweep_y	0.6	0.6	0.9	144957	88.48
1420710	95	sweep_y	0.6	0.7	0.9	143984	88.38
1420710	95	sweep_y	0.6	0.8	0.9	142834	88.33
1420710	95	sweep_y	0.6	0.9	0.9	141709	88.19
1420710	95	sweep_y	0.6	1.0	0.9	140571	88.12
1420710	95	sweep_y	0.6	1.1	0.9	139434	87.99
1420710	95	sweep_y	0.6	1.2	0.9	138153	87.91
1420710	95	sweep_x	0.3	0.5	0.9	147842	88.81
1420710	95	sweep_x	0.4	0.5	0.9	147139	88.74
1420710	95	sweep_x	0.5	0.5	0.9	146542	88.66
1420710	95	sweep_x	0.6	0.5	0.9	146051	88.56
1420710	95	sweep_x	0.7	0.5	0.9	145605	88.48
1420710	95	sweep_x	0.8	0.5	0.9	145219	88.36
1420710	95	sweep_x	0.9	0.5	0.9	144883	88.32
1420710	95	sweep_x	1.0	0.5	0.9	144558	88.24
1420710	95	sweep_x	1.1	0.5	0.9	144265	88.15
1420710	95	sweep_x	1.2	0.5	0.9	143994	88.05
1420710	95	sweep_b	0.6	0.5	0.3	146820	89.66
1420710	95	sweep_b	0.6	0.5	0.4	146634	89.47
1420710	95	sweep_b	0.6	0.5	0.5	146499	89.41
1420710	95	sweep_b	0.6	0.5	0.6	146366	89.16
1420710	95	sweep_b	0.6	0.5	0.7	146234	88.93
1420710	95	sweep_b	0.6	0.5	0.8	146142	88.73
1420710	95	sweep_b	0.6	0.5	0.9	146051	88.56
1420710	95	sweep_b	0.6	0.5	1.0	145962	88.41
1420710	95	sweep_b	0.6	0.5	1.1	145879	88.19
1420710	95	sweep_b	0.6	0.5	1.2	145810	87.98
14768480444_bc0a1b4a2e_o	75	ycbcr	-	-	-	48722	60.30
14768480444_bc0a1b4a2e_o	75	xyb_0.5	0.5	0.5	0.5	49879	71.52
14768480444_bc0a1b4a2e_o	75	xyb_tuned_v2	-	-	-	50305	72.05
14768480444_bc0a1b4a2e_o	75	sweep_y	0.6	0.3	0.9	51531	71.25
14768480444_bc0a1b4a2e_o	75	sweep_y	0.6	0.4	0.9	50498	70.84
14768480444_bc0a1b4a2e_o	75	sweep_y	0.6	0.5	0.9	49549	70.32
14768480444_bc0a1b4a2e_o	75	sweep_y	0.6	0.6	0.9	48640	69.86
14768480444_bc0a1b4a2e_o	75	sweep_y	0.6	0.7	0.9	47739	69.33
14768480444_bc0a1b4a2e_o	75	sweep_y	0.6	0.8	0.9	46912	68.86
14768480444_bc0a1b4a2e_o	75	sweep_y	0.6	0.9	0.9	46100	68.31
14768480444_bc0a1b4a2e_o	75	sweep_y	0.6	1.0	0.9	45361	67.72
14768480444_bc0a1b4a2e_o	75	sweep_y	0.6	1.1	0.9	44621	67.12
14768480444_bc0a1b4a2e_o	75	sweep_y	0.6	1.2	0.9	43907	66.58
14768480444_bc0a1b4a2e_o	75	sweep_x	0.3	0.5	0.9	50088	70.68
14768480444_bc0a1b4a2e_o	75	sweep_x	0.4	0.5	0.9	49902	70.55
14768480444_bc0a1b4a2e_o	75	sweep_x	0.5	0.5	0.9	49725	70.48
14768480444_bc0a1b4a2e_o	75	sweep_x	0.6	0.5	0.9	49549	70.32
14768480444_bc0a1b4a2e_o	75	sweep_x	0.7	0.5	0.9	49387	70.22
14768480444_bc0a1b4a2e_o	75	sweep_x	0.8	0.5	0.9	49237	70.10
14768480444_bc0a1b4a2e_o	75	sweep_x	0.9	0.5	0.9	49105	69.90
14768480444_bc0a1b4a2e_o	75	sweep_x	1.0	0.5	0.9	49004	69.77
14768480444_bc0a1b4a2e_o	75	sweep_x	1.1	0.5	0.9	48900	69.66
14768480444_bc0a1b4a2e_o	75	sweep_x	1.2	0.5	0.9	48828	69.61
14768480444_bc0a1b4a2e_o	75	sweep_b	0.6	0.5	0.3	49817	72.00
14768480444_bc0a1b4a2e_o	75	sweep_b	0.6	0.5	0.4	49757	71.79
14768480444_bc0a1b4a2e_o	75	sweep_b	0.6	0.5	0.5	49704	71.38
14768480444_bc0a1b4a2e_o	75	sweep_b	0.6	0.5	0.6	49660	71.09
14768480444_bc0a1b4a2e_o	75	sweep_b	0.6	0.5	0.7	49625	70.73
14768480444_bc0a1b4a2e_o	75	sweep_b	0.6	0.5	0.8	49591	70.55
14768480444_bc0a1b4a2e_o	75	sweep_b	0.6	0.5	0.9	49549	70.32
14768480444_bc0a1b4a2e_o	75	sweep_b	0.6	0.5	1.0	49515	69.96
14768480444_bc0a1b4a2e_o	75	sweep_b	0.6	0.5	1.1	49481	69.64
14768480444_bc0a1b4a2e_o	75	sweep_b	0.6	0.5	1.2	49454	69.41
14768480444_bc0a1b4a2e_o	85	ycbcr	-	-	-	63443	62.33
14768480444_bc0a1b4a2e_o	85	xyb_0.5	0.5	0.5	0.5	66168	78.22
14768480444_bc0a1b4a2e_o	85	xyb_tuned_v2	-	-	-	67505	78.97
14768480444_bc0a1b4a2e_o	85	sweep_y	0.6	0.3	0.9	67822	77.87
14768480444_bc0a1b4a2e_o	85	sweep_y	0.6	0.4	0.9	66862	77.70
14768480444_bc0a1b4a2e_o	85	sweep_y	0.6	0.5	0.9	65779	77.40
14768480444_bc0a1b4a2e_o	85	sweep_y	0.6	0.6	0.9	64793	77.13
14768480444_bc0a1b4a2e_o	85	sweep_y	0.6	0.7	0.9	63806	76.74
14768480444_bc0a1b4a2e_o	85	sweep_y	0.6	0.8	0.9	62944	76.39
14768480444_bc0a1b4a2e_o	85	sweep_y	0.6	0.9	0.9	62060	76.05
14768480444_bc0a1b4a2e_o	85	sweep_y	0.6	1.0	0.9	61161	75.73
14768480444_bc0a1b4a2e_o	85	sweep_y	0.6	1.1	0.9	60303	75.39
14768480444_bc0a1b4a2e_o	85	sweep_y	0.6	1.2	0.9	59473	75.01
14768480444_bc0a1b4a2e_o	85	sweep_x	0.3	0.5	0.9	66424	77.74
14768480444_bc0a1b4a2e_o	85	sweep_x	0.4	0.5	0.9	66174	77.62
14768480444_bc0a1b4a2e_o	85	sweep_x	0.5	0.5	0.9	65963	77.53
14768480444_bc0a1b4a2e_o	85	sweep_x	0.6	0.5	0.9	65779	77.40
14768480444_bc0a1b4a2e_o	85	sweep_x	0.7	0.5	0.9	65595	77.29
14768480444_bc0a1b4a2e_o	85	sweep_x	0.8	0.5	0.9	65407	77.17
14768480444_bc0a1b4a2e_o	85	sweep_x	0.9	0.5	0.9	65265	77.04
14768480444_bc0a1b4a2e_o	85	sweep_x	1.0	0.5	0.9	65143	76.90
14768480444_bc0a1b4a2e_o	85	sweep_x	1.1	0.5	0.9	65004	76.81
14768480444_bc0a1b4a2e_o	85	sweep_x	1.2	0.5	0.9	64876	76.64
14768480444_bc0a1b4a2e_o	85	sweep_b	0.6	0.5	0.3	66130	78.55
14768480444_bc0a1b4a2e_o	85	sweep_b	0.6	0.5	0.4	66058	78.34
14768480444_bc0a1b4a2e_o	85	sweep_b	0.6	0.5	0.5	65988	78.11
14768480444_bc0a1b4a2e_o	85	sweep_b	0.6	0.5	0.6	65929	77.95
14768480444_bc0a1b4a2e_o	85	sweep_b	0.6	0.5	0.7	65877	77.73
14768480444_bc0a1b4a2e_o	85	sweep_b	0.6	0.5	0.8	65831	77.62
14768480444_bc0a1b4a2e_o	85	sweep_b	0.6	0.5	0.9	65779	77.40
14768480444_bc0a1b4a2e_o	85	sweep_b	0.6	0.5	1.0	65739	77.27
14768480444_bc0a1b4a2e_o	85	sweep_b	0.6	0.5	1.1	65692	76.88
14768480444_bc0a1b4a2e_o	85	sweep_b	0.6	0.5	1.2	65649	76.79
14768480444_bc0a1b4a2e_o	95	ycbcr	-	-	-	111148	65.01
14768480444_bc0a1b4a2e_o	95	xyb_0.5	0.5	0.5	0.5	113762	86.75
14768480444_bc0a1b4a2e_o	95	xyb_tuned_v2	-	-	-	114957	86.94
14768480444_bc0a1b4a2e_o	95	sweep_y	0.6	0.3	0.9	114525	86.32
14768480444_bc0a1b4a2e_o	95	sweep_y	0.6	0.4	0.9	113783	86.27
14768480444_bc0a1b4a2e_o	95	sweep_y	0.6	0.5	0.9	113161	86.20
14768480444_bc0a1b4a2e_o	95	sweep_y	0.6	0.6	0.9	112508	86.14
14768480444_bc0a1b4a2e_o	95	sweep_y	0.6	0.7	0.9	111859	86.07
14768480444_bc0a1b4a2e_o	95	sweep_y	0.6	0.8	0.9	111175	86.01
14768480444_bc0a1b4a2e_o	95	sweep_y	0.6	0.9	0.9	110423	85.90
14768480444_bc0a1b4a2e_o	95	sweep_y	0.6	1.0	0.9	109701	85.83
14768480444_bc0a1b4a2e_o	95	sweep_y	0.6	1.1	0.9	108941	85.75
14768480444_bc0a1b4a2e_o	95	sweep_y	0.6	1.2	0.9	108206	85.65
14768480444_bc0a1b4a2e_o	95	sweep_x	0.3	0.5	0.9	114096	86.38
14768480444_bc0a1b4a2e_o	95	sweep_x	0.4	0.5	0.9	113755	86.29
14768480444_bc0a1b4a2e_o	95	sweep_x	0.5	0.5	0.9	113448	86.25
14768480444_bc0a1b4a2e_o	95	sweep_x	0.6	0.5	0.9	113161	86.20
14768480444_bc0a1b4a2e_o	95	sweep_x	0.7	0.5	0.9	112885	86.15
14768480444_bc0a1b4a2e_o	95	sweep_x	0.8	0.5	0.9	112648	86.09
14768480444_bc0a1b4a2e_o	95	sweep_x	0.9	0.5	0.9	112397	86.05
14768480444_bc0a1b4a2e_o	95	sweep_x	1.0	0.5	0.9	112193	85.97
14768480444_bc0a1b4a2e_o	95	sweep_x	1.1	0.5	0.9	111986	85.89
14768480444_bc0a1b4a2e_o	95	sweep_x	1.2	0.5	0.9	111767	85.81
14768480444_bc0a1b4a2e_o	95	sweep_b	0.6	0.5	0.3	113697	86.91
14768480444_bc0a1b4a2e_o	95	sweep_b	0.6	0.5	0.4	113579	86.84
14768480444_bc0a1b4a2e_o	95	sweep_b	0.6	0.5	0.5	113475	86.69
14768480444_bc0a1b4a2e_o	95	sweep_b	0.6	0.5	0.6	113391	86.59
14768480444_bc0a1b4a2e_o	95	sweep_b	0.6	0.5	0.7	113317	86.43
14768480444_bc0a1b4a2e_o	95	sweep_b	0.6	0.5	0.8	113245	86.33
14768480444_bc0a1b4a2e_o	95	sweep_b	0.6	0.5	0.9	113161	86.20
14768480444_bc0a1b4a2e_o	95	sweep_b	0.6	0.5	1.0	113094	86.17
14768480444_bc0a1b4a2e_o	95	sweep_b	0.6	0.5	1.1	113023	86.04
14768480444_bc0a1b4a2e_o	95	sweep_b	0.6	0.5	1.2	112945	85.78
2290070	75	ycbcr	-	-	-	25806	73.87
2290070	75	xyb_0.5	0.5	0.5	0.5	26350	70.20
2290070	75	xyb_tuned_v2	-	-	-	26912	71.24
2290070	75	sweep_y	0.6	0.3	0.9	27223	69.08
2290070	75	sweep_y	0.6	0.4	0.9	26723	68.83
2290070	75	sweep_y	0.6	0.5	0.9	26268	68.49
2290070	75	sweep_y	0.6	0.6	0.9	25825	68.18
2290070	75	sweep_y	0.6	0.7	0.9	25414	67.82
2290070	75	sweep_y	0.6	0.8	0.9	25008	67.53
2290070	75	sweep_y	0.6	0.9	0.9	24652	67.20
2290070	75	sweep_y	0.6	1.0	0.9	24315	66.92
2290070	75	sweep_y	0.6	1.1	0.9	23992	66.59
2290070	75	sweep_y	0.6	1.2	0.9	23688	66.25
2290070	75	sweep_x	0.3	0.5	0.9	26369	68.62
2290070	75	sweep_x	0.4	0.5	0.9	26328	68.58
2290070	75	sweep_x	0.5	0.5	0.9	26295	68.52
2290070	75	sweep_x	0.6	0.5	0.9	26268	68.49
2290070	75	sweep_x	0.7	0.5	0.9	26247	68.35
2290070	75	sweep_x	0.8	0.5	0.9	26216	68.29
2290070	75	sweep_x	0.9	0.5	0.9	26205	68.27
2290070	75	sweep_x	1.0	0.5	0.9	26193	68.21
2290070	75	sweep_x	1.1	0.5	0.9	26211	68.18
2290070	75	sweep_x	1.2	0.5	0.9	26192	68.12
2290070	75	sweep_b	0.6	0.5	0.3	26365	70.62
2290070	75	sweep_b	0.6	0.5	0.4	26343	70.33
2290070	75	sweep_b	0.6	0.5	0.5	26323	70.16
2290070	75	sweep_b	0.6	0.5	0.6	26301	69.32
2290070	75	sweep_b	0.6	0.5	0.7	26286	68.69
2290070	75	sweep_b	0.6	0.5	0.8	26276	68.59
2290070	75	sweep_b	0.6	0.5	0.9	26268	68.49
2290070	75	sweep_b	0.6	0.5	1.0	26246	68.10
2290070	75	sweep_b	0.6	0.5	1.1	26241	67.99
2290070	75	sweep_b	0.6	0.5	1.2	26233	67.75
2290070	85	ycbcr	-	-	-	32411	78.81
2290070	85	xyb_0.5	0.5	0.5	0.5	33451	75.67
2290070	85	xyb_tuned_v2	-	-	-	34425	76.62
2290070	85	sweep_y	0.6	0.3	0.9	34207	74.12
2290070	85	sweep_y	0.6	0.4	0.9	33783	73.99
2290070	85	sweep_y	0.6	0.5	0.9	33286	73.79
2290070	85	sweep_y	0.6	0.6	0.9	32828	73.58
2290070	85	sweep_y	0.6	0.7	0.9	32412	73.35
2290070	85	sweep_y	0.6	0.8	0.9	31987	73.15
2290070	85	sweep_y	0.6	0.9	0.9	31590	72.97
2290070	85	sweep_y	0.6	1.0	0.9	31168	72.71
2290070	85	sweep_y	0.6	1.1	0.9	30786	72.46
2290070	85	sweep_y	0.6	1.2	0.9	30427	72.20
2290070	85	sweep_x	0.3	0.5	0.9	33492	74.00
2290070	85	sweep_x	0.4	0.5	0.9	33422	73.96
2290070	85	sweep_x	0.5	0.5	0.9	33363	73.87
2290070	85	sweep_x	0.6	0.5	0.9	33286	73.79
2290070	85	sweep_x	0.7	0.5	0.9	33252	73.76
2290070	85	sweep_x	0.8	0.5	0.9	33216	73.66
2290070	85	sweep_x	0.9	0.5	0.9	33179	73.64
2290070	85	sweep_x	1.0	0.5	0.9	33154	73.57
2290070	85	sweep_x	1.1	0.5	0.9	33130	73.52
2290070	85	sweep_x	1.2	0.5	0.9	33111	73.43
2290070	85	sweep_b	0.6	0.5	0.3	33456	76.96
2290070	85	sweep_b	0.6	0.5	0.4	33424	76.24
2290070	85	sweep_b	0.6	0.5	0.5	33395	75.62
2290070	85	sweep_b	0.6	0.5	0.6	33369	75.12
2290070	85	sweep_b	0.6	0.5	0.7	33340	74.72
2290070	85	sweep_b	0.6	0.5	0.8	33296	74.12
2290070	85	sweep_b	0.6	0.5	0.9	33286	73.79
2290070	85	sweep_b	0.6	0.5	1.0	33272	73.46
2290070	85	sweep_b	0.6	0.5	1.1	33253	73.09
2290070	85	sweep_b	0.6	0.5	1.2	33243	73.05
2290070	95	ycbcr	-	-	-	56449	86.11
2290070	95	xyb_0.5	0.5	0.5	0.5	56818	85.08
2290070	95	xyb_tuned_v2	-	-	-	58085	85.32
2290070	95	sweep_y	0.6	0.3	0.9	57486	84.50
2290070	95	sweep_y	0.6	0.4	0.9	56986	84.39
2290070	95	sweep_y	0.6	0.5	0.9	56502	84.31
2290070	95	sweep_y	0.6	0.6	0.9	56054	84.27
2290070	95	sweep_y	0.6	0.7	0.9	55535	84.13
2290070	95	sweep_y	0.6	0.8	0.9	55048	84.11
2290070	95	sweep_y	0.6	0.9	0.9	54557	84.01
2290070	95	sweep_y	0.6	1.0	0.9	54085	83.89
2290070	95	sweep_y	0.6	1.1	0.9	53623	83.76
2290070	95	sweep_y	0.6	1.2	0.9	53175	83.64
2290070	95	sweep_x	0.3	0.5	0.9	56967	84.46
2290070	95	sweep_x	0.4	0.5	0.9	56800	84.47
2290070	95	sweep_x	0.5	0.5	0.9	56656	84.40
2290070	95	sweep_x	0.6	0.5	0.9	56502	84.31
2290070	95	sweep_x	0.7	0.5	0.9	56375	84.23
2290070	95	sweep_x	0.8	0.5	0.9	56268	84.22
2290070	95	sweep_x	0.9	0.5	0.9	56176	84.16
2290070	95	sweep_x	1.0	0.5	0.9	56062	84.10
2290070	95	sweep_x	1.1	0.5	0.9	55975	84.04
2290070	95	sweep_x	1.2	0.5	0.9	55884	84.01
2290070	95	sweep_b	0.6	0.5	0.3	56768	85.34
2290070	95	sweep_b	0.6	0.5	0.4	56717	85.15
2290070	95	sweep_b	0.6	0.5	0.5	56671	85.00
2290070	95	sweep_b	0.6	0.5	0.6	56626	84.77
2290070	95	sweep_b	0.6	0.5	0.7	56587	84.65
2290070	95	sweep_b	0.6	0.5	0.8	56546	84.44
2290070	95	sweep_b	0.6	0.5	0.9	56502	84.31
2290070	95	sweep_b	0.6	0.5	1.0	56470	84.22
2290070	95	sweep_b	0.6	0.5	1.1	56428	83.94
2290070	95	sweep_b	0.6	0.5	1.2	56396	83.72
271624	75	ycbcr	-	-	-	20924	77.50
271624	75	xyb_0.5	0.5	0.5	0.5	19981	72.84
271624	75	xyb_tuned_v2	-	-	-	20556	73.85
271624	75	sweep_y	0.6	0.3	0.9	20657	72.40
271624	75	sweep_y	0.6	0.4	0.9	20275	72.17
271624	75	sweep_y	0.6	0.5	0.9	19920	71.82
271624	75	sweep_y	0.6	0.6	0.9	19574	71.41
271624	75	sweep_y	0.6	0.7	0.9	19249	71.04
271624	75	sweep_y	0.6	0.8	0.9	18943	70.67
271624	75	sweep_y	0.6	0.9	0.9	18641	70.31
271624	75	sweep_y	0.6	1.0	0.9	18335	69.88
271624	75	sweep_y	0.6	1.1	0.9	18097	69.49
271624	75	sweep_y	0.6	1.2	0.9	17861	69.09
271624	75	sweep_x	0.3	0.5	0.9	20026	72.00
271624	75	sweep_x	0.4	0.5	0.9	19981	71.97
271624	75	sweep_x	0.5	0.5	0.9	19954	71.90
271624	75	sweep_x	0.6	0.5	0.9	19920	71.82
271624	75	sweep_x	0.7	0.5	0.9	19894	71.79
271624	75	sweep_x	0.8	0.5	0.9	19868	71.70
271624	75	sweep_x	0.9	0.5	0.9	19855	71.62
271624	75	sweep_x	1.0	0.5	0.9	19835	71.57
271624	75	sweep_x	1.1	0.5	0.9	19823	71.52
271624	75	sweep_x	1.2	0.5	0.9	19801	71.47
271624	75	sweep_b	0.6	0.5	0.3	19991	73.56
271624	75	sweep_b	0.6	0.5	0.4	19970	73.39
271624	75	sweep_b	0.6	0.5	0.5	19950	72.75
271624	75	sweep_b	0.6	0.5	0.6	19944	72.60
271624	75	sweep_b	0.6	0.5	0.7	19932	72.59
271624	75	sweep_b	0.6	0.5	0.8	19928	72.51
271624	75	sweep_b	0.6	0.5	0.9	19920	71.82
271624	75	sweep_b	0.6	0.5	1.0	19913	71.66
271624	75	sweep_b	0.6	0.5	1.1	19898	71.61
271624	75	sweep_b	0.6	0.5	1.2	19894	71.24
271624	85	ycbcr	-	-	-	26821	81.54
271624	85	xyb_0.5	0.5	0.5	0.5	26272	78.73
271624	85	xyb_tuned_v2	-	-	-	27190	79.37
271624	85	sweep_y	0.6	0.3	0.9	26978	78.71
271624	85	sweep_y	0.6	0.4	0.9	26547	78.47
271624	85	sweep_y	0.6	0.5	0.9	26148	78.24
271624	85	sweep_y	0.6	0.6	0.9	25777	78.04
271624	85	sweep_y	0.6	0.7	0.9	25425	77.78
271624	85	sweep_y	0.6	0.8	0.9	25086	77.57
271624	85	sweep_y	0.6	0.9	0.9	24736	77.30
271624	85	sweep_y	0.6	1.0	0.9	24438	77.06
271624	85	sweep_y	0.6	1.1	0.9	24138	76.82
271624	85	sweep_y	0.6	1.2	0.9	23868	76.59
271624	85	sweep_x	0.3	0.5	0.9	26282	78.41
271624	85	sweep_x	0.4	0.5	0.9	26234	78.35
271624	85	sweep_x	0.5	0.5	0.9	26192	78.31
271624	85	sweep_x	0.6	0.5	0.9	26148	78.24
271624	85	sweep_x	0.7	0.5	0.9	26101	78.22
271624	85	sweep_x	0.8	0.5	0.9	26094	78.19
271624	85	sweep_x	0.9	0.5	0.9	26059	78.11
271624	85	sweep_x	1.0	0.5	0.9	26037	78.08
271624	85	sweep_x	1.1	0.5	0.9	25997	78.00
271624	85	sweep_x	1.2	0.5	0.9	25972	77.94
271624	85	sweep_b	0.6	0.5	0.3	26273	78.79
271624	85	sweep_b	0.6	0.5	0.4	26250	78.78
271624	85	sweep_b	0.6	0.5	0.5	26226	78.67
271624	85	sweep_b	0.6	0.5	0.6	26203	78.55
271624	85	sweep_b	0.6	0.5	0.7	26180	78.42
271624	85	sweep_b	0.6	0.5	0.8	26162	78.36
271624	85	sweep_b	0.6	0.5	0.9	26148	78.24
271624	85	sweep_b	0.6	0.5	1.0	26160	77.69
271624	85	sweep_b	0.6	0.5	1.1	26148	77.57
271624	85	sweep_b	0.6	0.5	1.2	26132	77.40
271624	95	ycbcr	-	-	-	48644	87.37
271624	95	xyb_0.5	0.5	0.5	0.5	47892	85.49
271624	95	xyb_tuned_v2	-	-	-	48671	85.44
271624	95	sweep_y	0.6	0.3	0.9	48199	85.14
271624	95	sweep_y	0.6	0.4	0.9	47943	85.15
271624	95	sweep_y	0.6	0.5	0.9	47688	85.08
271624	95	sweep_y	0.6	0.6	0.9	47430	85.10
271624	95	sweep_y	0.6	0.7	0.9	47189	85.00
271624	95	sweep_y	0.6	0.8	0.9	46925	84.92
271624	95	sweep_y	0.6	0.9	0.9	46602	84.95
271624	95	sweep_y	0.6	1.0	0.9	46323	84.90
271624	95	sweep_y	0.6	1.1	0.9	46035	84.86
271624	95	sweep_y	0.6	1.2	0.9	45774	84.81
271624	95	sweep_x	0.3	0.5	0.9	47969	85.17
271624	95	sweep_x	0.4	0.5	0.9	47876	85.16
271624	95	sweep_x	0.5	0.5	0.9	47785	85.13
271624	95	sweep_x	0.6	0.5	0.9	47688	85.08
271624	95	sweep_x	0.7	0.5	0.9	47597	85.09
271624	95	sweep_x	0.8	0.5	0.9	47528	85.07
271624	95	sweep_x	0.9	0.5	0.9	47454	85.04
271624	95	sweep_x	1.0	0.5	0.9	47387	85.00
271624	95	sweep_x	1.1	0.5	0.9	47332	84.95
271624	95	sweep_x	1.2	0.5	0.9	47266	84.95
271624	95	sweep_b	0.6	0.5	0.3	47840	85.62
271624	95	sweep_b	0.6	0.5	0.4	47812	85.48
271624	95	sweep_b	0.6	0.5	0.5	47793	85.44
271624	95	sweep_b	0.6	0.5	0.6	47775	85.33
271624	95	sweep_b	0.6	0.5	0.7	47736	85.23
271624	95	sweep_b	0.6	0.5	0.8	47710	85.09
271624	95	sweep_b	0.6	0.5	0.9	47688	85.08
271624	95	sweep_b	0.6	0.5	1.0	47674	85.07
271624	95	sweep_b	0.6	0.5	1.1	47647	84.99
271624	95	sweep_b	0.6	0.5	1.2	47629	84.73
3044702	75	ycbcr	-	-	-	33870	66.56
3044702	75	xyb_0.5	0.5	0.5	0.5	38252	66.79
3044702	75	xyb_tuned_v2	-	-	-	38691	67.69
3044702	75	sweep_y	0.6	0.3	0.9	40186	66.88
3044702	75	sweep_y	0.6	0.4	0.9	39084	66.33
3044702	75	sweep_y	0.6	0.5	0.9	38089	65.71
3044702	75	sweep_y	0.6	0.6	0.9	37115	64.98
3044702	75	sweep_y	0.6	0.7	0.9	36238	64.27
3044702	75	sweep_y	0.6	0.8	0.9	35409	63.61
3044702	75	sweep_y	0.6	0.9	0.9	34583	62.87
3044702	75	sweep_y	0.6	1.0	0.9	33829	62.12
3044702	75	sweep_y	0.6	1.1	0.9	33103	61.42
3044702	75	sweep_y	0.6	1.2	0.9	32325	60.70
3044702	75	sweep_x	0.3	0.5	0.9	38233	65.96
3044702	75	sweep_x	0.4	0.5	0.9	38173	65.85
3044702	75	sweep_x	0.5	0.5	0.9	38125	65.77
3044702	75	sweep_x	0.6	0.5	0.9	38089	65.71
3044702	75	sweep_x	0.7	0.5	0.9	38067	65.66
3044702	75	sweep_x	0.8	0.5	0.9	38035	65.60
3044702	75	sweep_x	0.9	0.5	0.9	38009	65.53
3044702	75	sweep_x	1.0	0.5	0.9	37984	65.49
3044702	75	sweep_x	1.1	0.5	0.9	37970	65.48
3044702	75	sweep_x	1.2	0.5	0.9	37963	65.45
3044702	75	sweep_b	0.6	0.5	0.3	38293	67.26
3044702	75	sweep_b	0.6	0.5	0.4	38255	67.03
3044702	75	sweep_b	0.6	0.5	0.5	38216	66.70
3044702	75	sweep_b	0.6	0.5	0.6	38180	66.32
3044702	75	sweep_b	0.6	0.5	0.7	38144	66.11
3044702	75	sweep_b	0.6	0.5	0.8	38124	65.95
3044702	75	sweep_b	0.6	0.5	0.9	38089	65.71
3044702	75	sweep_b	0.6	0.5	1.0	38060	65.44
3044702	75	sweep_b	0.6	0.5	1.1	38041	65.12
3044702	75	sweep_b	0.6	0.5	1.2	38022	64.89
3044702	85	ycbcr	-	-	-	46218	73.79
3044702	85	xyb_0.5	0.5	0.5	0.5	51882	72.99
3044702	85	xyb_tuned_v2	-	-	-	53170	74.12
3044702	85	sweep_y	0.6	0.3	0.9	53632	72.62
3044702	85	sweep_y	0.6	0.4	0.9	52652	72.35
3044702	85	sweep_y	0.6	0.5	0.9	51618	71.84
3044702	85	sweep_y	0.6	0.6	0.9	50639	71.48
3044702	85	sweep_y	0.6	0.7	0.9	49724	71.06
3044702	85	sweep_y	0.6	0.8	0.9	48789	70.61
3044702	85	sweep_y	0.6	0.9	0.9	47931	70.16
3044702	85	sweep_y	0.6	1.0	0.9	46990	69.68
3044702	85	sweep_y	0.6	1.1	0.9	46080	69.16
3044702	85	sweep_y	0.6	1.2	0.9	45209	68.62
3044702	85	sweep_x	0.3	0.5	0.9	51896	72.14
3044702	85	sweep_x	0.4	0.5	0.9	51789	72.02
3044702	85	sweep_x	0.5	0.5	0.9	51688	71.96
3044702	85	sweep_x	0.6	0.5	0.9	51618	71.84
3044702	85	sweep_x	0.7	0.5	0.9	51559	71.75
3044702	85	sweep_x	0.8	0.5	0.9	51498	71.67
3044702	85	sweep_x	0.9	0.5	0.9	51455	71.56
3044702	85	sweep_x	1.0	0.5	0.9	51418	71.43
3044702	85	sweep_x	1.1	0.5	0.9	51390	71.36
3044702	85	sweep_x	1.2	0.5	0.9	51368	71.33
3044702	85	sweep_b	0.6	0.5	0.3	51944	73.52
3044702	85	sweep_b	0.6	0.5	0.4	51869	73.11
3044702	85	sweep_b	0.6	0.5	0.5	51819	72.88
3044702	85	sweep_b	0.6	0.5	0.6	51771	72.62
3044702	85	sweep_b	0.6	0.5	0.7	51707	72.34
3044702	85	sweep_b	0.6	0.5	0.8	51660	72.12
3044702	85	sweep_b	0.6	0.5	0.9	51618	71.84
3044702	85	sweep_b	0.6	0.5	1.0	51591	71.64
3044702	85	sweep_b	0.6	0.5	1.1	51554	71.28
3044702	85	sweep_b	0.6	0.5	1.2	51518	70.93
3044702	95	ycbcr	-	-	-	87645	83.86
3044702	95	xyb_0.5	0.5	0.5	0.5	91683	83.09
3044702	95	xyb_tuned_v2	-	-	-	92959	83.21
3044702	95	sweep_y	0.6	0.3	0.9	92191	82.39
3044702	95	sweep_y	0.6	0.4	0.9	91496	82.35
3044702	95	sweep_y	0.6	0.5	0.9	90944	82.31
3044702	95	sweep_y	0.6	0.6	0.9	90328	82.22
3044702	95	sweep_y	0.6	0.7	0.9	89590	82.12
3044702	95	sweep_y	0.6	0.8	0.9	88843	82.03
3044702	95	sweep_y	0.6	0.9	0.9	88072	81.90
3044702	95	sweep_y	0.6	1.0	0.9	87356	81.81
3044702	95	sweep_y	0.6	1.1	0.9	86553	81.69
3044702	95	sweep_y	0.6	1.2	0.9	85670	81.50
3044702	95	sweep_x	0.3	0.5	0.9	92042	82.53
3044702	95	sweep_x	0.4	0.5	0.9	91628	82.48
3044702	95	sweep_x	0.5	0.5	0.9	91276	82.39
3044702	95	sweep_x	0.6	0.5	0.9	90944	82.31
3044702	95	sweep_x	0.7	0.5	0.9	90670	82.25
3044702	95	sweep_x	0.8	0.5	0.9	90442	82.10
3044702	95	sweep_x	0.9	0.5	0.9	90219	82.01
3044702	95	sweep_x	1.0	0.5	0.9	90020	81.92
3044702	95	sweep_x	1.1	0.5	0.9	89848	81.80
3044702	95	sweep_x	1.2	0.5	0.9	89720	81.79
3044702	95	sweep_b	0.6	0.5	0.3	91652	83.39
3044702	95	sweep_b	0.6	0.5	0.4	91508	83.14
3044702	95	sweep_b	0.6	0.5	0.5	91365	82.96
3044702	95	sweep_b	0.6	0.5	0.6	91253	82.77
3044702	95	sweep_b	0.6	0.5	0.7	91138	82.62
3044702	95	sweep_b	0.6	0.5	0.8	91050	82.48
3044702	95	sweep_b	0.6	0.5	0.9	90944	82.31
3044702	95	sweep_b	0.6	0.5	1.0	90845	82.09
3044702	95	sweep_b	0.6	0.5	1.1	90760	81.95
3044702	95	sweep_b	0.6	0.5	1.2	90689	81.88
35875869841_0b10e41e57_o	75	ycbcr	-	-	-	33088	69.40
35875869841_0b10e41e57_o	75	xyb_0.5	0.5	0.5	0.5	34491	67.73
35875869841_0b10e41e57_o	75	xyb_tuned_v2	-	-	-	35235	68.69
35875869841_0b10e41e57_o	75	sweep_y	0.6	0.3	0.9	35937	67.88
35875869841_0b10e41e57_o	75	sweep_y	0.6	0.4	0.9	35097	67.36
35875869841_0b10e41e57_o	75	sweep_y	0.6	0.5	0.9	34324	66.86
35875869841_0b10e41e57_o	75	sweep_y	0.6	0.6	0.9	33586	66.34
35875869841_0b10e41e57_o	75	sweep_y	0.6	0.7	0.9	32948	65.84
35875869841_0b10e41e57_o	75	sweep_y	0.6	0.8	0.9	32409	65.34
35875869841_0b10e41e57_o	75	sweep_y	0.6	0.9	0.9	31883	64.88
35875869841_0b10e41e57_o	75	sweep_y	0.6	1.0	0.9	31360	64.33
35875869841_0b10e41e57_o	75	sweep_y	0.6	1.1	0.9	30844	63.85
35875869841_0b10e41e57_o	75	sweep_y	0.6	1.2	0.9	30368	63.40
35875869841_0b10e41e57_o	75	sweep_x	0.3	0.5	0.9	34646	67.16
35875869841_0b10e41e57_o	75	sweep_x	0.4	0.5	0.9	34520	67.04
35875869841_0b10e41e57_o	75	sweep_x	0.5	0.5	0.9	34410	66.97
35875869841_0b10e41e57_o	75	sweep_x	0.6	0.5	0.9	34324	66.86
35875869841_0b10e41e57_o	75	sweep_x	0.7	0.5	0.9	34234	66.74
35875869841_0b10e41e57_o	75	sweep_x	0.8	0.5	0.9	34152	66.62
35875869841_0b10e41e57_o	75	sweep_x	0.9	0.5	0.9	34077	66.48
35875869841_0b10e41e57_o	75	sweep_x	1.0	0.5	0.9	33997	66.37
35875869841_0b10e41e57_o	75	sweep_x	1.1	0.5	0.9	33933	66.27
35875869841_0b10e41e57_o	75	sweep_x	1.2	0.5	0.9	33876	66.19
35875869841_0b10e41e57_o	75	sweep_b	0.6	0.5	0.3	34462	68.39
35875869841_0b10e41e57_o	75	sweep_b	0.6	0.5	0.4	34431	68.07
35875869841_0b10e41e57_o	75	sweep_b	0.6	0.5	0.5	34406	67.62
35875869841_0b10e41e57_o	75	sweep_b	0.6	0.5	0.6	34379	67.36
35875869841_0b10e41e57_o	75	sweep_b	0.6	0.5	0.7	34361	67.23
35875869841_0b10e41e57_o	75	sweep_b	0.6	0.5	0.8	34342	67.02
35875869841_0b10e41e57_o	75	sweep_b	0.6	0.5	0.9	34324	66.86
35875869841_0b10e41e57_o	75	sweep_b	0.6	0.5	1.0	34304	66.86
35875869841_0b10e41e57_o	75	sweep_b	0.6	0.5	1.1	34282	66.43
35875869841_0b10e41e57_o	75	sweep_b	0.6	0.5	1.2	34260	66.08
35875869841_0b10e41e57_o	85	ycbcr	-	-	-	43394	74.42
35875869841_0b10e41e57_o	85	xyb_0.5	0.5	0.5	0.5	46375	74.84
35875869841_0b10e41e57_o	85	xyb_tuned_v2	-	-	-	47851	75.71
35875869841_0b10e41e57_o	85	sweep_y	0.6	0.3	0.9	47922	74.03
35875869841_0b10e41e57_o	85	sweep_y	0.6	0.4	0.9	47001	73.71
35875869841_0b10e41e57_o	85	sweep_y	0.6	0.5	0.9	46092	73.37
35875869841_0b10e41e57_o	85	sweep_y	0.6	0.6	0.9	45231	72.95
35875869841_0b10e41e57_o	85	sweep_y	0.6	0.7	0.9	44389	72.56
35875869841_0b10e41e57_o	85	sweep_y	0.6	0.8	0.9	43635	72.17
35875869841_0b10e41e57_o	85	sweep_y	0.6	0.9	0.9	42939	71.76
35875869841_0b10e41e57_o	85	sweep_y	0.6	1.0	0.9	42236	71.36
35875869841_0b10e41e57_o	85	sweep_y	0.6	1.1	0.9	41511	70.92
35875869841_0b10e41e57_o	85	sweep_y	0.6	1.2	0.9	40913	70.48
35875869841_0b10e41e57_o	85	sweep_x	0.3	0.5	0.9	46488	73.62
35875869841_0b10e41e57_o	85	sweep_x	0.4	0.5	0.9	46357	73.52
35875869841_0b10e41e57_o	85	sweep_x	0.5	0.5	0.9	46230	73.47
35875869841_0b10e41e57_o	85	sweep_x	0.6	0.5	0.9	46092	73.37
35875869841_0b10e41e57_o	85	sweep_x	0.7	0.5	0.9	45980	73.27
35875869841_0b10e41e57_o	85	sweep_x	0.8	0.5	0.9	45868	73.16
35875869841_0b10e41e57_o	85	sweep_x	0.9	0.5	0.9	45745	73.04
35875869841_0b10e41e57_o	85	sweep_x	1.0	0.5	0.9	45667	72.95
35875869841_0b10e41e57_o	85	sweep_x	1.1	0.5	0.9	45569	72.85
35875869841_0b10e41e57_o	85	sweep_x	1.2	0.5	0.9	45507	72.78
35875869841_0b10e41e57_o	85	sweep_b	0.6	0.5	0.3	46314	75.26
35875869841_0b10e41e57_o	85	sweep_b	0.6	0.5	0.4	46272	74.94
35875869841_0b10e41e57_o	85	sweep_b	0.6	0.5	0.5	46236	74.73
35875869841_0b10e41e57_o	85	sweep_b	0.6	0.5	0.6	46192	74.47
35875869841_0b10e41e57_o	85	sweep_b	0.6	0.5	0.7	46147	73.97
35875869841_0b10e41e57_o	85	sweep_b	0.6	0.5	0.8	46119	73.59
35875869841_0b10e41e57_o	85	sweep_b	0.6	0.5	0.9	46092	73.37
35875869841_0b10e41e57_o	85	sweep_b	0.6	0.5	1.0	46075	73.08
35875869841_0b10e41e57_o	85	sweep_b	0.6	0.5	1.1	46055	72.93
35875869841_0b10e41e57_o	85	sweep_b	0.6	0.5	1.2	46025	72.73
35875869841_0b10e41e57_o	95	ycbcr	-	-	-	81090	81.03
35875869841_0b10e41e57_o	95	xyb_0.5	0.5	0.5	0.5	85551	85.07
35875869841_0b10e41e57_o	95	xyb_tuned_v2	-	-	-	87013	85.18
35875869841_0b10e41e57_o	95	sweep_y	0.6	0.3	0.9	86595	84.69
35875869841_0b10e41e57_o	95	sweep_y	0.6	0.4	0.9	85806	84.58
35875869841_0b10e41e57_o	95	sweep_y	0.6	0.5	0.9	85114	84.47
35875869841_0b10e41e57_o	95	sweep_y	0.6	0.6	0.9	84322	84.40
35875869841_0b10e41e57_o	95	sweep_y	0.6	0.7	0.9	83501	84.31
35875869841_0b10e41e57_o	95	sweep_y	0.6	0.8	0.9	82738	84.19
35875869841_0b10e41e57_o	95	sweep_y	0.6	0.9	0.9	81968	84.09
35875869841_0b10e41e57_o	95	sweep_y	0.6	1.0	0.9	81250	83.94
35875869841_0b10e41e57_o	95	sweep_y	0.6	1.1	0.9	80506	83.82
35875869841_0b10e41e57_o	95	sweep_y	0.6	1.2	0.9	79733	83.69
35875869841_0b10e41e57_o	95	sweep_x	0.3	0.5	0.9	85790	84.61
35875869841_0b10e41e57_o	95	sweep_x	0.4	0.5	0.9	85556	84.59
35875869841_0b10e41e57_o	95	sweep_x	0.5	0.5	0.9	85323	84.53
35875869841_0b10e41e57_o	95	sweep_x	0.6	0.5	0.9	85114	84.47
35875869841_0b10e41e57_o	95	sweep_x	0.7	0.5	0.9	84924	84.41
35875869841_0b10e41e57_o	95	sweep_x	0.8	0.5	0.9	84728	84.37
35875869841_0b10e41e57_o	95	sweep_x	0.9	0.5	0.9	84576	84.29
35875869841_0b10e41e57_o	95	sweep_x	1.0	0.5	0.9	84399	84.21
35875869841_0b10e41e57_o	95	sweep_x	1.1	0.5	0.9	84250	84.19
35875869841_0b10e41e57_o	95	sweep_x	1.2	0.5	0.9	84122	84.11
35875869841_0b10e41e57_o	95	sweep_b	0.6	0.5	0.3	85475	85.32
35875869841_0b10e41e57_o	95	sweep_b	0.6	0.5	0.4	85399	85.12
35875869841_0b10e41e57_o	95	sweep_b	0.6	0.5	0.5	85337	85.02
35875869841_0b10e41e57_o	95	sweep_b	0.6	0.5	0.6	85268	84.86
35875869841_0b10e41e57_o	95	sweep_b	0.6	0.5	0.7	85209	84.75
35875869841_0b10e41e57_o	95	sweep_b	0.6	0.5	0.8	85166	84.67
35875869841_0b10e41e57_o	95	sweep_b	0.6	0.5	0.9	85114	84.47
35875869841_0b10e41e57_o	95	sweep_b	0.6	0.5	1.0	85078	84.43
35875869841_0b10e41e57_o	95	sweep_b	0.6	0.5	1.1	85028	84.28
35875869841_0b10e41e57_o	95	sweep_b	0.6	0.5	1.2	84993	84.23
64271	75	ycbcr	-	-	-	18573	75.99
64271	75	xyb_0.5	0.5	0.5	0.5	18586	72.86
64271	75	xyb_tuned_v2	-	-	-	19013	73.78
64271	75	sweep_y	0.6	0.3	0.9	19309	73.19
64271	75	sweep_y	0.6	0.4	0.9	18902	72.87
64271	75	sweep_y	0.6	0.5	0.9	18533	72.49
64271	75	sweep_y	0.6	0.6	0.9	18207	72.04
64271	75	sweep_y	0.6	0.7	0.9	17894	71.67
64271	75	sweep_y	0.6	0.8	0.9	17614	71.34
64271	75	sweep_y	0.6	0.9	0.9	17349	70.94
64271	75	sweep_y	0.6	1.0	0.9	17083	70.51
64271	75	sweep_y	0.6	1.1	0.9	16814	70.08
64271	75	sweep_y	0.6	1.2	0.9	16566	69.71
64271	75	sweep_x	0.3	0.5	0.9	18591	72.53
64271	75	sweep_x	0.4	0.5	0.9	18565	72.54
64271	75	sweep_x	0.5	0.5	0.9	18537	72.54
64271	75	sweep_x	0.6	0.5	0.9	18533	72.49
64271	75	sweep_x	0.7	0.5	0.9	18525	72.48
64271	75	sweep_x	0.8	0.5	0.9	18519	72.47
64271	75	sweep_x	0.9	0.5	0.9	18511	72.46
64271	75	sweep_x	1.0	0.5	0.9	18508	72.42
64271	75	sweep_x	1.1	0.5	0.9	18503	72.40
64271	75	sweep_x	1.2	0.5	0.9	18502	72.39
64271	75	sweep_b	0.6	0.5	0.3	18618	72.90
64271	75	sweep_b	0.6	0.5	0.4	18596	72.85
64271	75	sweep_b	0.6	0.5	0.5	18582	72.83
64271	75	sweep_b	0.6	0.5	0.6	18571	72.73
64271	75	sweep_b	0.6	0.5	0.7	18556	72.66
64271	75	sweep_b	0.6	0.5	0.8	18542	72.63
64271	75	sweep_b	0.6	0.5	0.9	18533	72.49
64271	75	sweep_b	0.6	0.5	1.0	18526	72.49
64271	75	sweep_b	0.6	0.5	1.1	18520	72.49
64271	75	sweep_b	0.6	0.5	1.2	18511	72.37
64271	85	ycbcr	-	-	-	23891	80.49
64271	85	xyb_0.5	0.5	0.5	0.5	24145	77.96
64271	85	xyb_tuned_v2	-	-	-	24907	78.86
64271	85	sweep_y	0.6	0.3	0.9	24823	77.97
64271	85	sweep_y	0.6	0.4	0.9	24460	77.76
64271	85	sweep_y	0.6	0.5	0.9	24060	77.54
64271	85	sweep_y	0.6	0.6	0.9	23710	77.29
64271	85	sweep_y	0.6	0.7	0.9	23401	77.06
64271	85	sweep_y	0.6	0.8	0.9	23030	76.78
64271	85	sweep_y	0.6	0.9	0.9	22728	76.52
64271	85	sweep_y	0.6	1.0	0.9	22430	76.29
64271	85	sweep_y	0.6	1.1	0.9	22130	76.01
64271	85	sweep_y	0.6	1.2	0.9	21861	75.77
64271	85	sweep_x	0.3	0.5	0.9	24119	77.70
64271	85	sweep_x	0.4	0.5	0.9	24099	77.64
64271	85	sweep_x	0.5	0.5	0.9	24081	77.60
64271	85	sweep_x	0.6	0.5	0.9	24060	77.54
64271	85	sweep_x	0.7	0.5	0.9	24046	77.52
64271	85	sweep_x	0.8	0.5	0.9	24027	77.47
64271	85	sweep_x	0.9	0.5	0.9	24049	77.45
64271	85	sweep_x	1.0	0.5	0.9	24017	77.41
64271	85	sweep_x	1.1	0.5	0.9	24027	77.39
64271	85	sweep_x	1.2	0.5	0.9	24023	77.38
64271	85	sweep_b	0.6	0.5	0.3	24167	78.06
64271	85	sweep_b	0.6	0.5	0.4	24156	78.02
64271	85	sweep_b	0.6	0.5	0.5	24125	77.89
64271	85	sweep_b	0.6	0.5	0.6	24104	77.83
64271	85	sweep_b	0.6	0.5	0.7	24087	77.72
64271	85	sweep_b	0.6	0.5	0.8	24073	77.64
64271	85	sweep_b	0.6	0.5	0.9	24060	77.54
64271	85	sweep_b	0.6	0.5	1.0	24047	77.46
64271	85	sweep_b	0.6	0.5	1.1	24034	77.45
64271	85	sweep_b	0.6	0.5	1.2	24021	77.39
64271	95	ycbcr	-	-	-	45524	87.67
64271	95	xyb_0.5	0.5	0.5	0.5	43974	85.31
64271	95	xyb_tuned_v2	-	-	-	45116	85.62
64271	95	sweep_y	0.6	0.3	0.9	44552	85.31
64271	95	sweep_y	0.6	0.4	0.9	44162	85.26
64271	95	sweep_y	0.6	0.5	0.9	43773	85.20
64271	95	sweep_y	0.6	0.6	0.9	43402	85.12
64271	95	sweep_y	0.6	0.7	0.9	43021	85.01
64271	95	sweep_y	0.6	0.8	0.9	42647	84.92
64271	95	sweep_y	0.6	0.9	0.9	42265	84.84
64271	95	sweep_y	0.6	1.0	0.9	41888	84.71
64271	95	sweep_y	0.6	1.1	0.9	41546	84.67
64271	95	sweep_y	0.6	1.2	0.9	41195	84.51
64271	95	sweep_x	0.3	0.5	0.9	44047	85.26
64271	95	sweep_x	0.4	0.5	0.9	44011	85.25
64271	95	sweep_x	0.5	0.5	0.9	43861	85.23
64271	95	sweep_x	0.6	0.5	0.9	43773	85.20
64271	95	sweep_x	0.7	0.5	0.9	43706	85.14
64271	95	sweep_x	0.8	0.5	0.9	43653	85.11
64271	95	sweep_x	0.9	0.5	0.9	43675	85.07
64271	95	sweep_x	1.0	0.5	0.9	43551	85.02
64271	95	sweep_x	1.1	0.5	0.9	43583	85.04
64271	95	sweep_x	1.2	0.5	0.9	43541	85.00
64271	95	sweep_b	0.6	0.5	0.3	43959	85.27
64271	95	sweep_b	0.6	0.5	0.4	43928	85.29
64271	95	sweep_b	0.6	0.5	0.5	43888	85.25
64271	95	sweep_b	0.6	0.5	0.6	43863	85.24
64271	95	sweep_b	0.6	0.5	0.7	43901	85.20
64271	95	sweep_b	0.6	0.5	0.8	43803	85.24
64271	95	sweep_b	0.6	0.5	0.9	43773	85.20
64271	95	sweep_b	0.6	0.5	1.0	43829	85.14
64271	95	sweep_b	0.6	0.5	1.1	43804	85.16
64271	95	sweep_b	0.6	0.5	1.2	43776	85.12
akfcrc022	75	ycbcr	-	-	-	31025	78.60
akfcrc022	75	xyb_0.5	0.5	0.5	0.5	30487	68.35
akfcrc022	75	xyb_tuned_v2	-	-	-	30634	68.89
akfcrc022	75	sweep_y	0.6	0.3	0.9	30974	66.44
akfcrc022	75	sweep_y	0.6	0.4	0.9	30626	66.45
akfcrc022	75	sweep_y	0.6	0.5	0.9	30341	66.27
akfcrc022	75	sweep_y	0.6	0.6	0.9	30055	66.21
akfcrc022	75	sweep_y	0.6	0.7	0.9	29720	66.00
akfcrc022	75	sweep_y	0.6	0.8	0.9	29412	65.84
akfcrc022	75	sweep_y	0.6	0.9	0.9	29120	65.60
akfcrc022	75	sweep_y	0.6	1.0	0.9	28792	65.38
akfcrc022	75	sweep_y	0.6	1.1	0.9	28422	65.19
akfcrc022	75	sweep_y	0.6	1.2	0.9	28093	64.92
akfcrc022	75	sweep_x	0.3	0.5	0.9	30660	66.77
akfcrc022	75	sweep_x	0.4	0.5	0.9	30508	66.58
akfcrc022	75	sweep_x	0.5	0.5	0.9	30386	66.33
akfcrc022	75	sweep_x	0.6	0.5	0.9	30341	66.27
akfcrc022	75	sweep_x	0.7	0.5	0.9	30276	66.16
akfcrc022	75	sweep_x	0.8	0.5	0.9	30206	65.95
akfcrc022	75	sweep_x	0.9	0.5	0.9	30186	65.81
akfcrc022	75	sweep_x	1.0	0.5	0.9	30170	65.72
akfcrc022	75	sweep_x	1.1	0.5	0.9	30158	65.74
akfcrc022	75	sweep_x	1.2	0.5	0.9	30146	65.63
akfcrc022	75	sweep_b	0.6	0.5	0.3	30522	69.99
akfcrc022	75	sweep_b	0.6	0.5	0.4	30477	69.01
akfcrc022	75	sweep_b	0.6	0.5	0.5	30437	68.25
akfcrc022	75	sweep_b	0.6	0.5	0.6	30395	67.26
akfcrc022	75	sweep_b	0.6	0.5	0.7	30380	67.09
akfcrc022	75	sweep_b	0.6	0.5	0.8	30357	66.54
akfcrc022	75	sweep_b	0.6	0.5	0.9	30341	66.27
akfcrc022	75	sweep_b	0.6	0.5	1.0	30322	66.12
akfcrc022	75	sweep_b	0.6	0.5	1.1	30281	65.70
akfcrc022	75	sweep_b	0.6	0.5	1.2	30270	65.45
akfcrc022	85	ycbcr	-	-	-	37982	82.36
akfcrc022	85	xyb_0.5	0.5	0.5	0.5	37299	74.90
akfcrc022	85	xyb_tuned_v2	-	-	-	37505	74.97
akfcrc022	85	sweep_y	0.6	0.3	0.9	37736	72.49
akfcrc022	85	sweep_y	0.6	0.4	0.9	37386	72.34
akfcrc022	85	sweep_y	0.6	0.5	0.9	37078	72.28
akfcrc022	85	sweep_y	0.6	0.6	0.9	36819	72.20
akfcrc022	85	sweep_y	0.6	0.7	0.9	36539	72.09
akfcrc022	85	sweep_y	0.6	0.8	0.9	36244	71.90
akfcrc022	85	sweep_y	0.6	0.9	0.9	35980	71.82
akfcrc022	85	sweep_y	0.6	1.0	0.9	35700	71.64
akfcrc022	85	sweep_y	0.6	1.1	0.9	35391	71.48
akfcrc022	85	sweep_y	0.6	1.2	0.9	35063	71.32
akfcrc022	85	sweep_x	0.3	0.5	0.9	37251	72.79
akfcrc022	85	sweep_x	0.4	0.5	0.9	37175	72.67
akfcrc022	85	sweep_x	0.5	0.5	0.9	37134	72.51
akfcrc022	85	sweep_x	0.6	0.5	0.9	37078	72.28
akfcrc022	85	sweep_x	0.7	0.5	0.9	36994	72.13
akfcrc022	85	sweep_x	0.8	0.5	0.9	36928	71.83
akfcrc022	85	sweep_x	0.9	0.5	0.9	36790	71.60
akfcrc022	85	sweep_x	1.0	0.5	0.9	36742	71.50
akfcrc022	85	sweep_x	1.1	0.5	0.9	36685	71.35
akfcrc022	85	sweep_x	1.2	0.5	0.9	36591	71.16
akfcrc022	85	sweep_b	0.6	0.5	0.3	37327	75.62
akfcrc022	85	sweep_b	0.6	0.5	0.4	37279	75.17
akfcrc022	85	sweep_b	0.6	0.5	0.5	37245	74.72
akfcrc022	85	sweep_b	0.6	0.5	0.6	37173	73.97
akfcrc022	85	sweep_b	0.6	0.5	0.7	37134	73.48
akfcrc022	85	sweep_b	0.6	0.5	0.8	37101	72.40
akfcrc022	85	sweep_b	0.6	0.5	0.9	37078	72.28
akfcrc022	85	sweep_b	0.6	0.5	1.0	37035	72.05
akfcrc022	85	sweep_b	0.6	0.5	1.1	37018	71.82
akfcrc022	85	sweep_b	0.6	0.5	1.2	36982	71.32
akfcrc022	95	ycbcr	-	-	-	57183	86.32
akfcrc022	95	xyb_0.5	0.5	0.5	0.5	54835	81.54
akfcrc022	95	xyb_tuned_v2	-	-	-	55424	81.51
akfcrc022	95	sweep_y	0.6	0.3	0.9	55230	81.04
akfcrc022	95	sweep_y	0.6	0.4	0.9	54931	81.06
akfcrc022	95	sweep_y	0.6	0.5	0.9	54537	81.02
akfcrc022	95	sweep_y	0.6	0.6	0.9	54121	80.96
akfcrc022	95	sweep_y	0.6	0.7	0.9	53961	80.96
akfcrc022	95	sweep_y	0.6	0.8	0.9	53801	80.92
akfcrc022	95	sweep_y	0.6	0.9	0.9	53652	80.87
akfcrc022	95	sweep_y	0.6	1.0	0.9	53432	80.85
akfcrc022	95	sweep_y	0.6	1.1	0.9	53230	80.78
akfcrc022	95	sweep_y	0.6	1.2	0.9	52987	80.76
akfcrc022	95	sweep_x	0.3	0.5	0.9	54889	81.29
akfcrc022	95	sweep_x	0.4	0.5	0.9	54758	81.16
akfcrc022	95	sweep_x	0.5	0.5	0.9	54657	81.20
akfcrc022	95	sweep_x	0.6	0.5	0.9	54537	81.02
akfcrc022	95	sweep_x	0.7	0.5	0.9	54435	81.06
akfcrc022	95	sweep_x	0.8	0.5	0.9	54358	80.99
akfcrc022	95	sweep_x	0.9	0.5	0.9	54239	80.95
akfcrc022	95	sweep_x	1.0	0.5	0.9	54118	80.88
akfcrc022	95	sweep_x	1.1	0.5	0.9	54026	80.82
akfcrc022	95	sweep_x	1.2	0.5	0.9	53955	80.78
akfcrc022	95	sweep_b	0.6	0.5	0.3	54815	81.60
akfcrc022	95	sweep_b	0.6	0.5	0.4	54781	81.41
akfcrc022	95	sweep_b	0.6	0.5	0.5	54715	81.55
akfcrc022	95	sweep_b	0.6	0.5	0.6	54662	81.32
akfcrc022	95	sweep_b	0.6	0.5	0.7	54623	81.14
akfcrc022	95	sweep_b	0.6	0.5	0.8	54581	81.16
akfcrc022	95	sweep_b	0.6	0.5	0.9	54537	81.02
akfcrc022	95	sweep_b	0.6	0.5	1.0	54503	81.00
akfcrc022	95	sweep_b	0.6	0.5	1.1	54434	80.84
akfcrc022	95	sweep_b	0.6	0.5	1.2	54414	80.70
StockQuoteGraph-20120521	75	ycbcr	-	-	-	21584	76.71
StockQuoteGraph-20120521	75	xyb_0.5	0.5	0.5	0.5	20229	73.35
StockQuoteGraph-20120521	75	xyb_tuned_v2	-	-	-	20502	73.51
StockQuoteGraph-20120521	75	sweep_y	0.6	0.3	0.9	20562	73.19
StockQuoteGraph-20120521	75	sweep_y	0.6	0.4	0.9	20302	73.03
StockQuoteGraph-20120521	75	sweep_y	0.6	0.5	0.9	20077	72.91
StockQuoteGraph-20120521	75	sweep_y	0.6	0.6	0.9	19876	72.83
StockQuoteGraph-20120521	75	sweep_y	0.6	0.7	0.9	19608	72.56
StockQuoteGraph-20120521	75	sweep_y	0.6	0.8	0.9	19316	72.33
StockQuoteGraph-20120521	75	sweep_y	0.6	0.9	0.9	19161	72.16
StockQuoteGraph-20120521	75	sweep_y	0.6	1.0	0.9	18937	72.00
StockQuoteGraph-20120521	75	sweep_y	0.6	1.1	0.9	18733	71.70
StockQuoteGraph-20120521	75	sweep_y	0.6	1.2	0.9	18511	71.26
StockQuoteGraph-20120521	75	sweep_x	0.3	0.5	0.9	20328	73.04
StockQuoteGraph-20120521	75	sweep_x	0.4	0.5	0.9	20263	73.05
StockQuoteGraph-20120521	75	sweep_x	0.5	0.5	0.9	20141	72.95
StockQuoteGraph-20120521	75	sweep_x	0.6	0.5	0.9	20077	72.91
StockQuoteGraph-20120521	75	sweep_x	0.7	0.5	0.9	20027	72.76
StockQuoteGraph-20120521	75	sweep_x	0.8	0.5	0.9	19994	72.71
StockQuoteGraph-20120521	75	sweep_x	0.9	0.5	0.9	19950	72.66
StockQuoteGraph-20120521	75	sweep_x	1.0	0.5	0.9	19902	72.56
StockQuoteGraph-20120521	75	sweep_x	1.1	0.5	0.9	19861	72.45
StockQuoteGraph-20120521	75	sweep_x	1.2	0.5	0.9	19809	72.40
StockQuoteGraph-20120521	75	sweep_b	0.6	0.5	0.3	20260	73.67
StockQuoteGraph-20120521	75	sweep_b	0.6	0.5	0.4	20197	73.36
StockQuoteGraph-20120521	75	sweep_b	0.6	0.5	0.5	20170	73.28
StockQuoteGraph-20120521	75	sweep_b	0.6	0.5	0.6	20136	73.04
StockQuoteGraph-20120521	75	sweep_b	0.6	0.5	0.7	20118	72.95
StockQuoteGraph-20120521	75	sweep_b	0.6	0.5	0.8	20099	72.91
StockQuoteGraph-20120521	75	sweep_b	0.6	0.5	0.9	20077	72.91
StockQuoteGraph-20120521	75	sweep_b	0.6	0.5	1.0	20045	72.56
StockQuoteGraph-20120521	75	sweep_b	0.6	0.5	1.1	20034	72.48
StockQuoteGraph-20120521	75	sweep_b	0.6	0.5	1.2	20026	72.45
StockQuoteGraph-20120521	85	ycbcr	-	-	-	26034	80.23
StockQuoteGraph-20120521	85	xyb_0.5	0.5	0.5	0.5	25019	78.49
StockQuoteGraph-20120521	85	xyb_tuned_v2	-	-	-	25312	78.49
StockQuoteGraph-20120521	85	sweep_y	0.6	0.3	0.9	25208	77.92
StockQuoteGraph-20120521	85	sweep_y	0.6	0.4	0.9	25015	77.88
StockQuoteGraph-20120521	85	sweep_y	0.6	0.5	0.9	24822	77.82
StockQuoteGraph-20120521	85	sweep_y	0.6	0.6	0.9	24637	77.70
StockQuoteGraph-20120521	85	sweep_y	0.6	0.7	0.9	24443	77.56
StockQuoteGraph-20120521	85	sweep_y	0.6	0.8	0.9	24256	77.50
StockQuoteGraph-20120521	85	sweep_y	0.6	0.9	0.9	24089	77.37
StockQuoteGraph-20120521	85	sweep_y	0.6	1.0	0.9	23915	77.14
StockQuoteGraph-20120521	85	sweep_y	0.6	1.1	0.9	23753	76.88
StockQuoteGraph-20120521	85	sweep_y	0.6	1.2	0.9	23581	76.78
StockQuoteGraph-20120521	85	sweep_x	0.3	0.5	0.9	25036	77.91
StockQuoteGraph-20120521	85	sweep_x	0.4	0.5	0.9	24971	77.85
StockQuoteGraph-20120521	85	sweep_x	0.5	0.5	0.9	24911	77.82
StockQuoteGraph-20120521	85	sweep_x	0.6	0.5	0.9	24822	77.82
StockQuoteGraph-20120521	85	sweep_x	0.7	0.5	0.9	24720	77.71
StockQuoteGraph-20120521	85	sweep_x	0.8	0.5	0.9	24670	77.70
StockQuoteGraph-20120521	85	sweep_x	0.9	0.5	0.9	24604	77.63
StockQuoteGraph-20120521	85	sweep_x	1.0	0.5	0.9	24514	77.56
StockQuoteGraph-20120521	85	sweep_x	1.1	0.5	0.9	24467	77.51
StockQuoteGraph-20120521	85	sweep_x	1.2	0.5	0.9	24414	77.37
StockQuoteGraph-20120521	85	sweep_b	0.6	0.5	0.3	25006	78.71
StockQuoteGraph-20120521	85	sweep_b	0.6	0.5	0.4	24974	78.71
StockQuoteGraph-20120521	85	sweep_b	0.6	0.5	0.5	24930	78.58
StockQuoteGraph-20120521	85	sweep_b	0.6	0.5	0.6	24903	78.26
StockQuoteGraph-20120521	85	sweep_b	0.6	0.5	0.7	24878	78.14
StockQuoteGraph-20120521	85	sweep_b	0.6	0.5	0.8	24855	77.95
StockQuoteGraph-20120521	85	sweep_b	0.6	0.5	0.9	24822	77.82
StockQuoteGraph-20120521	85	sweep_b	0.6	0.5	1.0	24779	77.52
StockQuoteGraph-20120521	85	sweep_b	0.6	0.5	1.1	24742	77.15
StockQuoteGraph-20120521	85	sweep_b	0.6	0.5	1.2	24696	77.02
StockQuoteGraph-20120521	95	ycbcr	-	-	-	39276	83.36
StockQuoteGraph-20120521	95	xyb_0.5	0.5	0.5	0.5	38440	83.96
StockQuoteGraph-20120521	95	xyb_tuned_v2	-	-	-	38746	84.13
StockQuoteGraph-20120521	95	sweep_y	0.6	0.3	0.9	38509	83.95
StockQuoteGraph-20120521	95	sweep_y	0.6	0.4	0.9	38322	83.97
StockQuoteGraph-20120521	95	sweep_y	0.6	0.5	0.9	38208	83.84
StockQuoteGraph-20120521	95	sweep_y	0.6	0.6	0.9	38077	83.95
StockQuoteGraph-20120521	95	sweep_y	0.6	0.7	0.9	37906	83.93
StockQuoteGraph-20120521	95	sweep_y	0.6	0.8	0.9	37760	83.86
StockQuoteGraph-20120521	95	sweep_y	0.6	0.9	0.9	37594	83.73
StockQuoteGraph-20120521	95	sweep_y	0.6	1.0	0.9	37481	83.67
StockQuoteGraph-20120521	95	sweep_y	0.6	1.1	0.9	37312	83.80
StockQuoteGraph-20120521	95	sweep_y	0.6	1.2	0.9	37160	83.71
StockQuoteGraph-20120521	95	sweep_x	0.3	0.5	0.9	38632	83.94
StockQuoteGraph-20120521	95	sweep_x	0.4	0.5	0.9	38494	84.00
StockQuoteGraph-20120521	95	sweep_x	0.5	0.5	0.9	38316	83.95
StockQuoteGraph-20120521	95	sweep_x	0.6	0.5	0.9	38208	83.84
StockQuoteGraph-20120521	95	sweep_x	0.7	0.5	0.9	38085	83.81
StockQuoteGraph-20120521	95	sweep_x	0.8	0.5	0.9	37970	83.86
StockQuoteGraph-20120521	95	sweep_x	0.9	0.5	0.9	37815	83.83
StockQuoteGraph-20120521	95	sweep_x	1.0	0.5	0.9	37701	83.84
StockQuoteGraph-20120521	95	sweep_x	1.1	0.5	0.9	37599	83.86
StockQuoteGraph-20120521	95	sweep_x	1.2	0.5	0.9	37524	83.82
StockQuoteGraph-20120521	95	sweep_b	0.6	0.5	0.3	38374	84.15
StockQuoteGraph-20120521	95	sweep_b	0.6	0.5	0.4	38348	84.05
StockQuoteGraph-20120521	95	sweep_b	0.6	0.5	0.5	38327	83.92
StockQuoteGraph-20120521	95	sweep_b	0.6	0.5	0.6	38297	84.02
StockQuoteGraph-20120521	95	sweep_b	0.6	0.5	0.7	38266	83.98
StockQuoteGraph-20120521	95	sweep_b	0.6	0.5	0.8	38243	83.95
StockQuoteGraph-20120521	95	sweep_b	0.6	0.5	0.9	38208	83.84
StockQuoteGraph-20120521	95	sweep_b	0.6	0.5	1.0	38170	83.89
StockQuoteGraph-20120521	95	sweep_b	0.6	0.5	1.1	38137	83.76
StockQuoteGraph-20120521	95	sweep_b	0.6	0.5	1.2	38102	83.76
